item_id,order_id,product_id,quantity,unit_price,discount_percent
ITEM000001,ORD00755,PROD0099,-1,21957.29,59.71
ITEM000002,ORD00674,PROD0015,-4,47447.62,15.16
ITEM000003,ORD00052,PROD0033,-2,32439.26,99.88
ITEM000004,ORD00119,PROD0441,-2,40695.14,91.36
ITEM000005,ORD00532,PROD0135,-2,45871.7,54.43
ITEM000006,ORD00314,PROD0449,-2,44054.98,44.77
ITEM000007,ORD00345,PROD0322,-2,25999.91,65.86
ITEM000008,ORD00625,PROD0167,-3,41610.76,82.55
ITEM000009,ORD00971,PROD0360,-1,29948.29,50.73
ITEM000010,ORD00517,PROD0476,-4,42800.42,70.21
ITEM000011,ORD00697,PROD0453,-5,23641.84,23.23
ITEM000012,ORD00785,PROD0344,-4,8803.76,30.92
ITEM000013,ORD00983,PROD0033,-1,2903.91,7.06
ITEM000014,ORD00956,PROD0325,-5,11059.49,87.69
ITEM000015,ORD00612,PROD0266,-3,18079.7,49.94
ITEM000016,ORD00760,PROD0140,-2,31620.67,85.57
ITEM000017,ORD00731,PROD0176,-5,41050.8,58.31
ITEM000018,ORD00329,PROD0301,-2,17884.59,33.84
ITEM000019,ORD00834,PROD0463,-1,10735.74,59.3
ITEM000020,ORD00822,PROD0401,-5,17790.51,75.16
ITEM000021,ORD00289,PROD0009,-1,32066.66,46.6
ITEM000022,ORD00719,PROD0394,-1,17508.52,77.73
ITEM000023,ORD00014,PROD0441,-2,12020.49,18.89
ITEM000024,ORD00217,PROD0025,-4,12748.8,66.43
ITEM000025,ORD00706,PROD0093,-3,18007.18,78.03
ITEM000026,ORD00532,PROD0484,-5,2017.42,87.52
ITEM000027,ORD00109,PROD0105,-3,21883.02,15.66
ITEM000028,ORD00317,PROD0079,-3,49895.08,30.55
ITEM000029,ORD00448,PROD0339,-5,44300.84,51.13
ITEM000030,ORD00882,PROD0003,-2,3931.56,68.61
ITEM000031,ORD00866,PROD0094,-1,11741.73,21.32
ITEM000032,ORD00331,PROD0454,-3,22510.78,66.31
ITEM000033,ORD00984,PROD0472,-4,42655.97,31.45
ITEM000034,ORD00727,PROD0461,-5,37048.97,50.2
ITEM000035,ORD00864,PROD0445,-3,41998.93,56.87
ITEM000036,ORD00385,PROD0426,-2,13250.49,32.28
ITEM000037,ORD00455,PROD0092,-5,43916.75,51.56
ITEM000038,ORD00612,PROD0007,-5,20515.72,26.05
ITEM000039,ORD00940,PROD0112,-1,1732.69,7.51
ITEM000040,ORD00075,PROD0448,-2,9237.47,86.46
ITEM000041,ORD00962,PROD0454,-3,28087.1,99.41
ITEM000042,ORD00759,PROD0391,-4,46459.95,93.83
ITEM000043,ORD00874,PROD0496,-1,42056.37,11.06
ITEM000044,ORD00209,PROD0082,-3,12250.28,35.7
ITEM000045,ORD00154,PROD0379,-1,32507.56,60.78
ITEM000046,ORD00699,PROD0224,-3,32546.45,21.26
ITEM000047,ORD00128,PROD0374,-1,33633.89,80.24
ITEM000048,ORD00136,PROD0290,-4,16359.23,92.11
ITEM000049,ORD00647,PROD0140,-2,40693.74,11.4
ITEM000050,ORD00005,PROD0255,-2,40626.85,81.17
ITEM000051,ORD00298,PROD0190,-2,6280.28,80.6
ITEM000052,ORD00149,PROD0102,-1,35291.25,90.14
ITEM000053,ORD00887,PROD0118,-4,30521.83,29.82
ITEM000054,ORD00485,PROD0142,-2,39735.82,77.11
ITEM000055,ORD00905,PROD0357,-3,44864.67,65.53
ITEM000056,ORD00920,PROD0031,-4,23113.51,24.33
ITEM000057,ORD00976,PROD0418,-5,28584.17,49.75
ITEM000058,ORD00399,PROD0007,-3,39226.17,59.84
ITEM000059,ORD00570,PROD0090,-5,12592.62,44.19
ITEM000060,ORD00003,PROD0012,-4,9139.21,32.3
ITEM000061,ORD00318,PROD0353,-4,27571.71,1.52
ITEM000062,ORD00856,PROD0374,-4,5444.42,52.19
ITEM000063,ORD00370,PROD0426,-2,16793.73,2.09
ITEM000064,ORD00262,PROD0091,-1,14268.09,60.96
ITEM000065,ORD00888,PROD0203,-3,37644.95,86.82
ITEM000066,ORD00954,PROD0052,-1,17442.22,38.04
ITEM000067,ORD00245,PROD0414,-2,21094.22,5.63
ITEM000068,ORD00984,PROD0079,-3,43494.53,55.31
ITEM000069,ORD00303,PROD0115,-5,32839.96,58.29
ITEM000070,ORD00437,PROD0301,-5,837.0,82.0
ITEM000071,ORD00780,PROD0075,-2,26568.17,86.6
ITEM000072,ORD00601,PROD0003,-4,11549.32,32.63
ITEM000073,ORD00775,PROD0350,-3,37944.54,80.16
ITEM000074,ORD00817,PROD0177,-1,7315.67,88.45
ITEM000075,ORD00569,PROD0127,-1,41184.58,97.55
ITEM000076,ORD00460,PROD0393,10,7002.25,56.51
ITEM000077,ORD00305,PROD0066,3,27149.68,79.81
ITEM000078,ORD00383,PROD0192,7,13927.82,33.24
ITEM000079,ORD00463,PROD0159,8,1326.79,85.08
ITEM000080,ORD00513,PROD0486,7,19575.82,39.4
ITEM000081,ORD00456,PROD0330,7,11058.29,29.97
ITEM000082,ORD00886,PROD0056,4,13046.73,36.11
ITEM000083,ORD00900,PROD0348,9,17720.08,50.36
ITEM000084,ORD00110,PROD0084,3,33173.28,42.56
ITEM000085,ORD00106,PROD0497,1,28532.93,13.56
ITEM000086,ORD00270,PROD0390,4,9381.25,19.84
ITEM000087,ORD00072,PROD0401,9,33751.49,14.18
ITEM000088,ORD00528,PROD0091,5,17481.15,70.56
ITEM000089,ORD00895,PROD0404,4,49246.53,95.91
ITEM000090,ORD00439,PROD0028,2,34245.64,31.92
ITEM000091,ORD00555,PROD0163,10,37034.4,55.77
ITEM000092,ORD00637,PROD0086,2,48778.96,19.55
ITEM000093,ORD00822,PROD0362,4,8441.31,64.05
ITEM000094,ORD00017,PROD0026,6,12347.32,46.73
ITEM000095,ORD00413,PROD0126,1,41862.68,50.56
ITEM000096,ORD00879,PROD0004,6,25645.86,23.34
ITEM000097,ORD00212,PROD0264,1,3837.48,77.3
ITEM000098,ORD00984,PROD0198,8,41603.76,47.48
ITEM000099,ORD00214,PROD0381,6,17976.35,50.91
ITEM000100,ORD00643,PROD0269,3,5258.03,50.62
ITEM000101,ORD00066,PROD0481,3,29653.73,36.71
ITEM000102,ORD00054,PROD0081,6,4496.59,84.34
ITEM000103,ORD00237,PROD0092,8,16456.16,66.63
ITEM000104,ORD00053,PROD0039,7,13248.69,74.77
ITEM000105,ORD00177,PROD0241,7,33238.21,29.52
ITEM000106,ORD00017,PROD0117,7,16810.85,15.05
ITEM000107,ORD00493,PROD0288,1,24126.66,35.55
ITEM000108,ORD00742,PROD0332,9,46811.71,67.4
ITEM000109,ORD00334,PROD0226,8,20196.72,11.6
ITEM000110,ORD00135,PROD0086,3,22558.94,58.46
ITEM000111,ORD00293,PROD0206,4,1990.82,10.32
ITEM000112,ORD00346,PROD0461,4,20779.48,13.46
ITEM000113,ORD00246,PROD0440,8,47922.79,86.3
ITEM000114,ORD00805,PROD0003,8,45277.0,38.58
ITEM000115,ORD00757,PROD0371,9,46667.41,18.83
ITEM000116,ORD00448,PROD0301,10,27790.37,21.51
ITEM000117,ORD00393,PROD0461,1,24987.71,61.26
ITEM000118,ORD00289,PROD0491,7,34597.47,58.76
ITEM000119,ORD00431,PROD0131,3,1131.01,41.35
ITEM000120,ORD00255,PROD0215,2,33157.29,13.36
ITEM000121,ORD00872,PROD0295,7,28780.13,77.02
ITEM000122,ORD00983,PROD0014,9,37445.76,24.96
ITEM000123,ORD00561,PROD0111,5,18630.59,35.37
ITEM000124,ORD00227,PROD0101,8,682.7,75.77
ITEM000125,ORD00875,PROD0318,8,19526.0,73.6
ITEM000126,ORD00389,PROD0261,2,49485.06,86.17
ITEM000127,ORD00935,PROD0238,8,26186.41,93.33
ITEM000128,ORD00829,PROD0125,1,22824.51,75.26
ITEM000129,ORD00527,PROD0217,8,179.83,57.49
ITEM000130,ORD00154,PROD0018,7,42003.23,89.39
ITEM000131,ORD00491,PROD0031,6,41151.41,24.02
ITEM000132,ORD00022,PROD0178,2,18093.12,11.59
ITEM000133,ORD00880,PROD0100,10,27037.59,48.53
ITEM000134,ORD00224,PROD0164,8,29052.52,28.65
ITEM000135,ORD00840,PROD0090,2,18518.6,57.12
ITEM000136,ORD00073,PROD0247,6,31647.37,49.84
ITEM000137,ORD00864,PROD0068,5,8035.27,55.02
ITEM000138,ORD00526,PROD0128,3,7073.07,75.97
ITEM000139,ORD00763,PROD0499,6,30400.05,7.51
ITEM000140,ORD00839,PROD0314,2,2452.48,31.67
ITEM000141,ORD00715,PROD0335,10,47343.0,62.71
ITEM000142,ORD00064,PROD0348,1,3088.26,89.86
ITEM000143,ORD00588,PROD0074,10,42004.15,13.44
ITEM000144,ORD00943,PROD0455,8,16023.27,38.16
ITEM000145,ORD00444,PROD0445,4,38886.27,20.96
ITEM000146,ORD00904,PROD0114,1,24429.48,1.37
ITEM000147,ORD00488,PROD0025,2,30551.99,84.19
ITEM000148,ORD00383,PROD0327,9,48651.64,11.13
ITEM000149,ORD00213,PROD0440,10,15527.47,51.36
ITEM000150,ORD00164,PROD0125,7,46162.74,56.5
ITEM000151,ORD00599,PROD0343,6,1243.36,35.12
ITEM000152,ORD00136,PROD0433,4,25050.51,49.72
ITEM000153,ORD00560,PROD0286,8,13954.19,3.39
ITEM000154,ORD00435,PROD0128,6,3176.46,7.79
ITEM000155,ORD00808,PROD0132,7,2884.71,73.93
ITEM000156,ORD00035,PROD0049,8,11125.23,29.68
ITEM000157,ORD00092,PROD0066,6,34760.58,6.02
ITEM000158,ORD00277,PROD0490,3,32808.86,38.78
ITEM000159,ORD00257,PROD0128,7,37123.24,64.47
ITEM000160,ORD00289,PROD0072,6,9108.35,84.05
ITEM000161,ORD00319,PROD0480,4,46511.08,92.08
ITEM000162,ORD00684,PROD0074,9,4828.82,25.83
ITEM000163,ORD00837,PROD0245,7,33206.05,67.14
ITEM000164,ORD00245,PROD0291,7,17000.16,68.88
ITEM000165,ORD00184,PROD0261,5,22208.52,11.34
ITEM000166,ORD00945,PROD0302,2,39089.87,31.04
ITEM000167,ORD00722,PROD0035,7,19762.8,14.62
ITEM000168,ORD00118,PROD0426,8,49842.64,19.36
ITEM000169,ORD00169,PROD0059,9,47693.2,97.23
ITEM000170,ORD00684,PROD0181,4,14061.15,25.19
ITEM000171,ORD00084,PROD0052,6,21372.24,50.76
ITEM000172,ORD00694,PROD0015,9,38924.9,43.81
ITEM000173,ORD00817,PROD0156,9,9104.13,90.49
ITEM000174,ORD00796,PROD0209,4,3661.62,32.25
ITEM000175,ORD00156,PROD0368,8,36928.9,84.57
ITEM000176,ORD00331,PROD0287,9,34177.37,3.98
ITEM000177,ORD00695,PROD0076,8,39581.29,90.62
ITEM000178,ORD00031,PROD0369,3,26928.11,31.49
ITEM000179,ORD00503,PROD0232,5,34409.6,18.35
ITEM000180,ORD00780,PROD0326,7,6382.47,37.23
ITEM000181,ORD00740,PROD0400,2,5216.13,38.18
ITEM000182,ORD00864,PROD0230,10,25088.82,95.29
ITEM000183,ORD00825,PROD0378,8,7259.71,15.35
ITEM000184,ORD00841,PROD0272,4,21531.36,92.85
ITEM000185,ORD00666,PROD0485,1,28218.18,85.87
ITEM000186,ORD00674,PROD0270,7,42018.12,59.99
ITEM000187,ORD00721,PROD0486,6,22330.09,9.19
ITEM000188,ORD00274,PROD0138,1,43234.83,34.04
ITEM000189,ORD00536,PROD0418,3,34436.46,22.08
ITEM000190,ORD00859,PROD0162,1,40458.17,87.07
ITEM000191,ORD00221,PROD0421,1,28763.47,71.03
ITEM000192,ORD00480,PROD0489,6,41215.88,87.34
ITEM000193,ORD00146,PROD0055,5,49103.41,15.16
ITEM000194,ORD00451,PROD0441,1,39189.5,15.1
ITEM000195,ORD00616,PROD0321,4,46013.03,67.66
ITEM000196,ORD00859,PROD0034,1,22437.95,49.34
ITEM000197,ORD00311,PROD0301,10,32424.12,98.74
ITEM000198,ORD00610,PROD0413,10,7612.44,57.9
ITEM000199,ORD00212,PROD0075,6,29039.18,42.07
ITEM000200,ORD00505,PROD0493,5,38705.36,57.38
ITEM000201,ORD00174,PROD0244,3,11236.2,75.53
ITEM000202,ORD00087,PROD0367,7,49394.21,66.76
ITEM000203,ORD00801,PROD0468,2,44482.77,76.66
ITEM000204,ORD00206,PROD0246,8,12879.11,52.64
ITEM000205,ORD00949,PROD0393,7,13826.24,64.22
ITEM000206,ORD00484,PROD0380,6,7130.59,11.07
ITEM000207,ORD00348,PROD0145,9,32117.59,64.12
ITEM000208,ORD00504,PROD0009,1,10408.55,82.59
ITEM000209,ORD00307,PROD0201,6,26496.68,18.94
ITEM000210,ORD00149,PROD0141,1,15366.65,75.55
ITEM000211,ORD00795,PROD0209,4,30109.71,27.19
ITEM000212,ORD00709,PROD0328,8,33209.0,81.01
ITEM000213,ORD00038,PROD0475,7,18026.12,86.2
ITEM000214,ORD00913,PROD0486,3,37473.56,22.02
ITEM000215,ORD00855,PROD0114,2,15709.7,1.67
ITEM000216,ORD00819,PROD0043,7,3701.65,85.69
ITEM000217,ORD00532,PROD0289,7,22890.37,96.99
ITEM000218,ORD00216,PROD0151,6,33999.94,58.29
ITEM000219,ORD00541,PROD0050,10,7387.02,33.42
ITEM000220,ORD00808,PROD0099,2,42036.4,61.38
ITEM000221,ORD00461,PROD0388,7,25494.22,7.02
ITEM000222,ORD00552,PROD0439,7,4859.48,6.52
ITEM000223,ORD00664,PROD0489,6,3061.06,87.83
ITEM000224,ORD00746,PROD0423,7,1009.71,91.82
ITEM000225,ORD00907,PROD0117,6,9851.32,79.16
ITEM000226,ORD00184,PROD0074,4,30807.54,93.01
ITEM000227,ORD00488,PROD0454,6,47385.27,62.68
ITEM000228,ORD00854,PROD0316,8,45586.8,89.92
ITEM000229,ORD00882,PROD0330,7,9276.81,64.32
ITEM000230,ORD00545,PROD0399,6,44925.59,30.0
ITEM000231,ORD00082,PROD0469,1,44095.22,26.8
ITEM000232,ORD00906,PROD0277,1,13093.68,25.25
ITEM000233,ORD00038,PROD0434,2,36291.6,68.71
ITEM000234,ORD00467,PROD0396,5,18908.97,69.57
ITEM000235,ORD00237,PROD0072,7,49543.25,44.75
ITEM000236,ORD00310,PROD0488,8,25826.78,64.83
ITEM000237,ORD00730,PROD0443,8,21066.01,36.92
ITEM000238,ORD00507,PROD0391,1,8360.15,47.28
ITEM000239,ORD00673,PROD0377,7,21762.22,48.35
ITEM000240,ORD00800,PROD0386,10,34130.95,83.07
ITEM000241,ORD00160,PROD0269,1,32843.49,72.05
ITEM000242,ORD00065,PROD0375,10,5997.77,74.11
ITEM000243,ORD00225,PROD0494,8,45574.39,58.36
ITEM000244,ORD00434,PROD0163,2,20237.35,51.86
ITEM000245,ORD00131,PROD0299,8,17921.32,29.56
ITEM000246,ORD00477,PROD0328,2,36099.2,90.59
ITEM000247,ORD00739,PROD0243,4,45913.61,36.27
ITEM000248,ORD00309,PROD0134,9,43240.58,20.9
ITEM000249,ORD00089,PROD0410,6,46795.43,74.72
ITEM000250,ORD00422,PROD0390,3,35083.36,12.47
ITEM000251,ORD00622,PROD0200,1,48163.09,40.92
ITEM000252,ORD00287,PROD0065,10,10824.77,23.95
ITEM000253,ORD00130,PROD0130,4,24394.29,3.56
ITEM000254,ORD00363,PROD0386,6,40655.42,87.66
ITEM000255,ORD00522,PROD0289,4,12949.16,57.87
ITEM000256,ORD00852,PROD0016,3,36192.25,35.59
ITEM000257,ORD00906,PROD0141,10,27291.54,74.1
ITEM000258,ORD00926,PROD0479,8,14449.6,20.25
ITEM000259,ORD00236,PROD0006,7,48122.51,45.79
ITEM000260,ORD00889,PROD0324,3,4104.94,37.52
ITEM000261,ORD00975,PROD0174,10,29259.61,19.56
ITEM000262,ORD00332,PROD0396,5,11491.65,2.94
ITEM000263,ORD00022,PROD0097,7,34478.67,40.9
ITEM000264,ORD00064,PROD0395,7,44403.96,10.87
ITEM000265,ORD00566,PROD0251,1,27534.25,91.64
ITEM000266,ORD00581,PROD0076,2,24114.81,44.47
ITEM000267,ORD00420,PROD0139,10,17620.51,84.59
ITEM000268,ORD00962,PROD0147,1,46001.25,12.66
ITEM000269,ORD00283,PROD0144,3,2797.16,13.52
ITEM000270,ORD00201,PROD0268,4,19375.29,32.39
ITEM000271,ORD00197,PROD0455,2,44943.09,77.44
ITEM000272,ORD00854,PROD0459,3,45776.43,26.84
ITEM000273,ORD00908,PROD0376,1,1053.42,61.79
ITEM000274,ORD00886,PROD0457,1,12768.78,30.24
ITEM000275,ORD00936,PROD0244,5,43289.6,94.36
ITEM000276,ORD00626,PROD0119,1,131.24,59.0
ITEM000277,ORD00484,PROD0042,4,4732.72,86.65
ITEM000278,ORD00507,PROD0325,3,40101.69,35.56
ITEM000279,ORD00574,PROD0154,3,20469.37,78.63
ITEM000280,ORD00817,PROD0022,4,38977.4,39.23
ITEM000281,ORD00941,PROD0211,7,20328.74,89.17
ITEM000282,ORD00166,PROD0181,5,44646.23,7.08
ITEM000283,ORD00768,PROD0395,6,2927.52,87.79
ITEM000284,ORD00429,PROD0297,1,44110.51,1.26
ITEM000285,ORD00259,PROD0090,6,13970.41,56.93
ITEM000286,ORD00607,PROD0096,1,18784.94,72.48
ITEM000287,ORD00386,PROD0060,10,11228.99,99.66
ITEM000288,ORD00827,PROD0224,5,28731.37,12.98
ITEM000289,ORD00644,PROD0152,8,46622.15,29.68
ITEM000290,ORD00194,PROD0081,10,12723.53,32.89
ITEM000291,ORD00014,PROD0109,6,7208.93,5.18
ITEM000292,ORD00478,PROD0043,4,28571.77,79.27
ITEM000293,ORD00633,PROD0312,4,36871.24,68.13
ITEM000294,ORD00237,PROD0027,10,1453.03,40.45
ITEM000295,ORD00760,PROD0325,9,29989.9,26.65
ITEM000296,ORD00770,PROD0492,4,24897.58,76.34
ITEM000297,ORD00525,PROD0338,10,33166.45,74.99
ITEM000298,ORD00917,PROD0368,4,16360.29,84.8
ITEM000299,ORD00986,PROD0401,4,746.93,82.5
ITEM000300,ORD00719,PROD0045,3,43197.48,71.01
ITEM000301,ORD00260,PROD0148,4,1812.17,68.24
ITEM000302,ORD00028,PROD0159,1,41612.32,84.75
ITEM000303,ORD00468,PROD0143,1,7139.88,68.35
ITEM000304,ORD00983,PROD0196,10,47402.44,29.15
ITEM000305,ORD00412,PROD0229,5,46397.98,22.33
ITEM000306,ORD00242,PROD0371,7,31454.84,16.59
ITEM000307,ORD00716,PROD0412,5,11274.49,71.58
ITEM000308,ORD00054,PROD0429,1,37685.55,81.88
ITEM000309,ORD00884,PROD0402,3,31860.35,38.37
ITEM000310,ORD00159,PROD0104,8,46136.89,82.9
ITEM000311,ORD00535,PROD0438,8,26055.0,84.11
ITEM000312,ORD00546,PROD0496,6,2709.77,76.87
ITEM000313,ORD00202,PROD0350,3,28549.96,15.55
ITEM000314,ORD00516,PROD0191,8,40126.35,6.84
ITEM000315,ORD00192,PROD0019,10,1415.15,96.44
ITEM000316,ORD00051,PROD0342,8,5236.19,45.24
ITEM000317,ORD00669,PROD0121,9,5380.49,45.65
ITEM000318,ORD00219,PROD0346,9,23090.13,25.04
ITEM000319,ORD00317,PROD0264,7,39777.23,93.37
ITEM000320,ORD00802,PROD0239,10,8434.87,10.07
ITEM000321,ORD00528,PROD0444,9,18071.02,77.79
ITEM000322,ORD00412,PROD0027,1,11560.59,49.29
ITEM000323,ORD00335,PROD0463,10,28256.39,68.23
ITEM000324,ORD00170,PROD0240,10,47400.62,95.7
ITEM000325,ORD00654,PROD0200,5,2483.78,79.1
ITEM000326,ORD00410,PROD0360,6,40950.97,66.99
ITEM000327,ORD00910,PROD0032,5,2011.23,4.31
ITEM000328,ORD00429,PROD0086,3,11207.86,52.02
ITEM000329,ORD00156,PROD0333,6,7431.61,95.68
ITEM000330,ORD00295,PROD0417,8,3086.01,33.2
ITEM000331,ORD00911,PROD0248,10,44261.39,14.41
ITEM000332,ORD00970,PROD0394,1,48205.24,16.16
ITEM000333,ORD00346,PROD0242,4,19818.44,4.99
ITEM000334,ORD00055,PROD0213,10,38871.78,4.19
ITEM000335,ORD00060,PROD0175,4,22969.84,10.58
ITEM000336,ORD00675,PROD0408,5,45393.45,61.69
ITEM000337,ORD00266,PROD0224,5,28312.73,97.94
ITEM000338,ORD00972,PROD0086,7,7306.04,42.9
ITEM000339,ORD00711,PROD0292,8,39817.82,97.9
ITEM000340,ORD00339,PROD0117,8,18981.03,69.2
ITEM000341,ORD00416,PROD0057,8,27326.61,82.67
ITEM000342,ORD00161,PROD0045,1,33643.34,22.26
ITEM000343,ORD00712,PROD0158,9,20478.63,67.55
ITEM000344,ORD00833,PROD0345,4,17954.43,52.57
ITEM000345,ORD00339,PROD0494,7,48717.89,78.41
ITEM000346,ORD00315,PROD0423,6,19635.96,86.47
ITEM000347,ORD00906,PROD0183,3,35913.43,1.17
ITEM000348,ORD00243,PROD0347,2,26055.08,81.92
ITEM000349,ORD00547,PROD0217,5,33563.44,68.31
ITEM000350,ORD00782,PROD0478,2,49932.75,18.71
ITEM000351,ORD00114,PROD0398,8,15051.69,54.21
ITEM000352,ORD00673,PROD0139,9,1584.53,69.9
ITEM000353,ORD00788,PROD0499,9,11273.65,16.27
ITEM000354,ORD00603,PROD0085,3,8291.87,31.26
ITEM000355,ORD00117,PROD0420,2,1429.97,53.93
ITEM000356,ORD00963,PROD0232,9,47691.97,49.42
ITEM000357,ORD00245,PROD0113,8,16438.14,59.31
ITEM000358,ORD00830,PROD0176,1,25368.41,76.57
ITEM000359,ORD00356,PROD0402,8,24617.13,68.85
ITEM000360,ORD00629,PROD0368,1,38198.67,86.24
ITEM000361,ORD00294,PROD0441,3,27555.28,76.21
ITEM000362,ORD00962,PROD0285,3,48679.39,30.12
ITEM000363,ORD00473,PROD0320,3,16832.64,60.71
ITEM000364,ORD00368,PROD0178,7,1372.3,47.73
ITEM000365,ORD00005,PROD0116,3,11415.8,43.22
ITEM000366,ORD00697,PROD0097,7,21293.14,39.24
ITEM000367,ORD00157,PROD0218,4,29558.26,24.56
ITEM000368,ORD00321,PROD0102,8,13350.9,37.41
ITEM000369,ORD00340,PROD0351,3,31659.45,98.27
ITEM000370,ORD00995,PROD0089,3,34628.67,42.45
ITEM000371,ORD00612,PROD0408,5,25968.49,17.89
ITEM000372,ORD00595,PROD0368,9,39350.68,40.61
ITEM000373,ORD00506,PROD0043,9,2088.33,67.04
ITEM000374,ORD00317,PROD0199,5,13252.86,51.09
ITEM000375,ORD00049,PROD0397,8,37631.79,68.31
ITEM000376,ORD00228,PROD0482,6,7935.26,81.66
ITEM000377,ORD00575,PROD0422,7,25642.73,69.12
ITEM000378,ORD00310,PROD0439,8,9093.15,22.57
ITEM000379,ORD00369,PROD0249,3,28740.85,18.73
ITEM000380,ORD00681,PROD0471,6,37886.04,37.66
ITEM000381,ORD00484,PROD0308,7,4631.21,53.94
ITEM000382,ORD00226,PROD0489,4,17821.17,51.75
ITEM000383,ORD00479,PROD0481,8,8038.64,6.83
ITEM000384,ORD00886,PROD0402,3,28273.2,72.23
ITEM000385,ORD00271,PROD0117,5,37760.26,27.23
ITEM000386,ORD00098,PROD0485,7,646.39,65.48
ITEM000387,ORD00988,PROD0320,10,45716.68,46.39
ITEM000388,ORD00401,PROD0234,1,36377.49,58.72
ITEM000389,ORD00208,PROD0042,6,43100.47,65.39
ITEM000390,ORD00702,PROD0391,9,7999.15,35.89
ITEM000391,ORD00862,PROD0211,1,46882.48,26.19
ITEM000392,ORD00261,PROD0267,9,31555.87,25.15
ITEM000393,ORD00035,PROD0140,3,45904.53,87.36
ITEM000394,ORD00029,PROD0101,2,23149.23,84.45
ITEM000395,ORD00213,PROD0123,2,15055.07,64.64
ITEM000396,ORD00856,PROD0433,2,44324.72,96.85
ITEM000397,ORD00198,PROD0079,6,17776.75,47.79
ITEM000398,ORD00646,PROD0480,5,31004.64,17.0
ITEM000399,ORD00463,PROD0283,8,19974.88,16.94
ITEM000400,ORD00365,PROD0366,6,23369.23,59.42
ITEM000401,ORD00419,PROD0129,9,9876.66,73.76
ITEM000402,ORD00093,PROD0106,10,4231.9,51.14
ITEM000403,ORD00847,PROD0089,8,46947.76,82.52
ITEM000404,ORD00648,PROD0030,7,23209.36,74.48
ITEM000405,ORD00980,PROD0221,10,14812.09,63.47
ITEM000406,ORD00195,PROD0007,1,21936.4,33.81
ITEM000407,ORD00530,PROD0111,6,42254.22,5.64
ITEM000408,ORD00763,PROD0466,8,9749.27,50.31
ITEM000409,ORD00045,PROD0358,5,31972.73,60.31
ITEM000410,ORD00043,PROD0358,9,45195.23,24.71
ITEM000411,ORD00441,PROD0034,9,13093.92,69.04
ITEM000412,ORD00485,PROD0438,8,35338.34,3.82
ITEM000413,ORD00998,PROD0320,3,33039.88,29.85
ITEM000414,ORD00281,PROD0496,5,32931.72,45.11
ITEM000415,ORD00467,PROD0416,5,49807.55,63.18
ITEM000416,ORD00972,PROD0462,9,26742.21,93.38
ITEM000417,ORD00423,PROD0315,4,10088.71,69.0
ITEM000418,ORD00897,PROD0167,5,33489.72,9.22
ITEM000419,ORD00728,PROD0102,4,10369.11,8.93
ITEM000420,ORD00310,PROD0272,9,21583.0,33.43
ITEM000421,ORD00474,PROD0322,7,31173.31,90.35
ITEM000422,ORD00006,PROD0129,9,22108.55,96.17
ITEM000423,ORD00705,PROD0445,5,6914.23,99.03
ITEM000424,ORD00980,PROD0003,6,39236.73,32.3
ITEM000425,ORD00180,PROD0385,2,25935.07,11.36
ITEM000426,ORD00230,PROD0117,8,44930.16,88.1
ITEM000427,ORD00239,PROD0430,9,9874.16,56.76
ITEM000428,ORD00153,PROD0366,10,25247.63,91.53
ITEM000429,ORD00250,PROD0168,4,38107.71,95.16
ITEM000430,ORD00977,PROD0050,2,1967.72,87.05
ITEM000431,ORD00836,PROD0082,8,9994.15,84.9
ITEM000432,ORD00212,PROD0364,8,16735.03,82.99
ITEM000433,ORD00072,PROD0247,7,145.4,99.13
ITEM000434,ORD00883,PROD0322,8,40287.22,66.65
ITEM000435,ORD00251,PROD0038,10,34298.97,11.53
ITEM000436,ORD00599,PROD0067,8,5564.96,82.87
ITEM000437,ORD00018,PROD0104,7,37134.96,49.14
ITEM000438,ORD00748,PROD0111,8,3563.75,63.96
ITEM000439,ORD00869,PROD0486,6,35973.88,84.48
ITEM000440,ORD00317,PROD0481,10,15806.92,32.54
ITEM000441,ORD00874,PROD0264,8,48313.36,16.31
ITEM000442,ORD00386,PROD0266,1,42752.51,26.0
ITEM000443,ORD00476,PROD0438,7,43008.7,73.09
ITEM000444,ORD00995,PROD0038,9,12231.65,46.24
ITEM000445,ORD00436,PROD0499,4,36788.76,84.11
ITEM000446,ORD00418,PROD0098,8,9887.08,71.96
ITEM000447,ORD00756,PROD0113,3,44721.19,83.26
ITEM000448,ORD00159,PROD0292,8,31272.24,58.72
ITEM000449,ORD00103,PROD0029,9,7268.84,14.77
ITEM000450,ORD00690,PROD0334,4,36691.8,2.68
ITEM000451,ORD00179,PROD0181,6,237.81,34.89
ITEM000452,ORD00051,PROD0414,2,22050.04,22.1
ITEM000453,ORD00084,PROD0414,3,30704.41,66.7
ITEM000454,ORD00962,PROD0316,9,15651.46,0.26
ITEM000455,ORD00952,PROD0269,7,43071.12,21.12
ITEM000456,ORD00693,PROD0285,6,25696.14,82.44
ITEM000457,ORD00183,PROD0043,7,591.46,90.97
ITEM000458,ORD00714,PROD0253,6,27749.81,5.43
ITEM000459,ORD00346,PROD0319,9,38310.13,57.32
ITEM000460,ORD00264,PROD0354,5,7412.96,67.26
ITEM000461,ORD00413,PROD0492,7,45920.02,31.82
ITEM000462,ORD00561,PROD0431,5,34914.69,87.13
ITEM000463,ORD00177,PROD0296,9,15240.88,91.06
ITEM000464,ORD00365,PROD0236,8,28330.63,28.06
ITEM000465,ORD00461,PROD0348,3,46436.05,96.29
ITEM000466,ORD00765,PROD0422,10,31215.66,22.65
ITEM000467,ORD00500,PROD0199,3,35570.3,1.22
ITEM000468,ORD00552,PROD0338,6,30312.47,84.9
ITEM000469,ORD00361,PROD0203,8,43569.81,34.54
ITEM000470,ORD00799,PROD0426,10,4592.91,15.7
ITEM000471,ORD00193,PROD0241,3,25424.69,85.52
ITEM000472,ORD00785,PROD0327,9,17053.28,23.33
ITEM000473,ORD00394,PROD0445,3,26643.97,91.99
ITEM000474,ORD00929,PROD0221,3,20522.64,70.45
ITEM000475,ORD00661,PROD0141,7,19446.6,38.59
ITEM000476,ORD00403,PROD0198,9,43088.98,76.79
ITEM000477,ORD00776,PROD0213,1,15691.83,55.23
ITEM000478,ORD00800,PROD0232,10,36419.84,53.3
ITEM000479,ORD00166,PROD0098,6,17135.71,47.55
ITEM000480,ORD00708,PROD0100,9,49934.79,5.08
ITEM000481,ORD00876,PROD0299,4,49019.68,20.81
ITEM000482,ORD00966,PROD0021,1,27730.03,28.19
ITEM000483,ORD00261,PROD0249,6,20112.9,78.33
ITEM000484,ORD00992,PROD0185,3,11245.78,59.19
ITEM000485,ORD00374,PROD0113,8,1319.38,1.12
ITEM000486,ORD00748,PROD0261,6,5695.36,87.9
ITEM000487,ORD00954,PROD0218,6,14220.77,36.97
ITEM000488,ORD00430,PROD0056,9,15539.48,62.03
ITEM000489,ORD00526,PROD0382,8,37200.67,67.16
ITEM000490,ORD00584,PROD0294,2,30361.75,14.77
ITEM000491,ORD00842,PROD0076,6,33687.81,38.09
ITEM000492,ORD00800,PROD0453,6,25626.36,22.39
ITEM000493,ORD00507,PROD0459,1,20448.21,35.61
ITEM000494,ORD00616,PROD0162,7,22954.65,9.79
ITEM000495,ORD00746,PROD0102,7,19322.02,68.69
ITEM000496,ORD00824,PROD0160,7,44731.75,61.6
ITEM000497,ORD00994,PROD0111,2,23082.3,51.36
ITEM000498,ORD00125,PROD0195,3,27367.38,0.54
ITEM000499,ORD00752,PROD0418,2,20757.46,88.73
ITEM000500,ORD00312,PROD0321,8,18316.8,79.17
ITEM000501,ORD00617,PROD0487,6,22817.77,55.09
ITEM000502,ORD00673,PROD0002,9,19183.4,30.07
ITEM000503,ORD00925,PROD0056,5,44266.22,51.23
ITEM000504,ORD00765,PROD0443,2,20777.45,70.56
ITEM000505,ORD00061,PROD0436,7,33085.04,21.5
ITEM000506,ORD00418,PROD0037,3,21487.44,77.27
ITEM000507,ORD00952,PROD0480,1,47704.97,6.2
ITEM000508,ORD00348,PROD0184,6,30788.35,81.24
ITEM000509,ORD00382,PROD0092,3,2999.99,92.26
ITEM000510,ORD00020,PROD0499,10,11471.71,69.76
ITEM000511,ORD00926,PROD0123,6,39605.05,67.11
ITEM000512,ORD00912,PROD0123,3,32704.09,20.61
ITEM000513,ORD00664,PROD0109,9,30156.21,78.98
ITEM000514,ORD00882,PROD0250,1,41996.24,11.73
ITEM000515,ORD00938,PROD0290,1,35041.29,92.03
ITEM000516,ORD00373,PROD0203,4,15379.87,23.72
ITEM000517,ORD00919,PROD0347,6,18370.82,34.21
ITEM000518,ORD00379,PROD0199,6,29295.74,34.88
ITEM000519,ORD00783,PROD0459,8,12837.24,0.26
ITEM000520,ORD00408,PROD0271,9,19932.47,70.32
ITEM000521,ORD00128,PROD0158,8,39871.37,75.98
ITEM000522,ORD00489,PROD0230,5,3189.14,75.79
ITEM000523,ORD00607,PROD0454,10,41368.55,81.97
ITEM000524,ORD00356,PROD0029,5,40510.76,64.54
ITEM000525,ORD00867,PROD0152,4,117.3,72.37
ITEM000526,ORD00833,PROD0268,10,30684.97,85.56
ITEM000527,ORD00266,PROD0111,4,11613.53,44.8
ITEM000528,ORD00032,PROD0299,8,14006.18,82.6
ITEM000529,ORD00033,PROD0139,1,13433.1,2.08
ITEM000530,ORD00867,PROD0359,5,30746.28,57.72
ITEM000531,ORD00448,PROD0133,5,45460.44,19.49
ITEM000532,ORD00651,PROD0450,9,36594.6,46.47
ITEM000533,ORD00955,PROD0344,9,1731.91,96.51
ITEM000534,ORD00776,PROD0415,10,2633.46,6.1
ITEM000535,ORD00154,PROD0027,6,2384.1,88.09
ITEM000536,ORD00197,PROD0450,9,35430.07,83.86
ITEM000537,ORD00149,PROD0087,6,27215.22,29.65
ITEM000538,ORD00295,PROD0398,6,13477.73,54.17
ITEM000539,ORD00708,PROD0417,2,27637.0,62.98
ITEM000540,ORD00828,PROD0201,4,42198.12,85.64
ITEM000541,ORD00896,PROD0309,5,36923.0,88.22
ITEM000542,ORD00873,PROD0426,9,4479.34,90.49
ITEM000543,ORD00477,PROD0182,1,45459.99,68.59
ITEM000544,ORD00712,PROD0468,8,19372.23,56.33
ITEM000545,ORD00656,PROD0476,6,2493.78,14.83
ITEM000546,ORD00723,PROD0273,7,17449.22,80.15
ITEM000547,ORD00417,PROD0394,8,49407.53,76.97
ITEM000548,ORD00569,PROD0216,2,1977.52,67.55
ITEM000549,ORD00930,PROD0463,1,4128.93,53.19
ITEM000550,ORD00383,PROD0252,5,48683.73,56.35
ITEM000551,ORD00840,PROD0108,2,48349.47,16.54
ITEM000552,ORD00250,PROD0376,2,30004.08,81.61
ITEM000553,ORD00621,PROD0490,9,29466.11,0.83
ITEM000554,ORD00607,PROD0453,5,40482.56,79.15
ITEM000555,ORD00815,PROD0440,1,16477.97,68.95
ITEM000556,ORD00607,PROD0101,5,40867.78,58.82
ITEM000557,ORD00117,PROD0468,3,32365.12,32.36
ITEM000558,ORD00637,PROD0496,9,9146.0,56.1
ITEM000559,ORD00905,PROD0067,7,10603.86,12.74
ITEM000560,ORD00397,PROD0273,5,37486.68,74.27
ITEM000561,ORD00124,PROD0149,3,45391.25,77.76
ITEM000562,ORD00427,PROD0178,4,42265.47,32.85
ITEM000563,ORD00997,PROD0042,2,11769.02,88.62
ITEM000564,ORD00309,PROD0448,3,7594.93,33.71
ITEM000565,ORD00313,PROD0241,3,14005.71,11.22
ITEM000566,ORD00145,PROD0226,9,35526.62,86.25
ITEM000567,ORD00342,PROD0304,4,3021.01,57.7
ITEM000568,ORD00339,PROD0326,10,25479.66,22.71
ITEM000569,ORD00512,PROD0108,1,43942.99,39.55
ITEM000570,ORD00149,PROD0061,9,48296.5,72.89
ITEM000571,ORD00994,PROD0190,3,8675.61,70.94
ITEM000572,ORD01000,PROD0409,8,19110.05,57.49
ITEM000573,ORD00698,PROD0046,7,26859.03,95.59
ITEM000574,ORD00655,PROD0175,3,35965.7,27.27
ITEM000575,ORD00081,PROD0333,2,34881.95,45.0
ITEM000576,ORD00661,PROD0491,1,1971.68,9.37
ITEM000577,ORD00775,PROD0023,1,1910.01,64.02
ITEM000578,ORD00022,PROD0083,6,4031.26,37.22
ITEM000579,ORD00892,PROD0310,1,31552.21,77.25
ITEM000580,ORD00175,PROD0039,6,36058.02,67.07
ITEM000581,ORD00915,PROD0263,1,6768.69,32.15
ITEM000582,ORD00095,PROD0116,6,37852.07,15.69
ITEM000583,ORD00194,PROD0283,6,19993.04,54.72
ITEM000584,ORD00928,PROD0137,3,26160.65,18.94
ITEM000585,ORD00344,PROD0357,3,7763.93,43.01
ITEM000586,ORD00065,PROD0485,2,20548.97,35.2
ITEM000587,ORD00984,PROD0442,7,36144.7,1.11
ITEM000588,ORD00669,PROD0091,4,39456.5,45.95
ITEM000589,ORD00301,PROD0316,5,48392.29,3.92
ITEM000590,ORD00257,PROD0284,5,49980.35,89.22
ITEM000591,ORD00343,PROD0012,3,40663.88,75.61
ITEM000592,ORD00487,PROD0172,2,40001.01,56.84
ITEM000593,ORD00051,PROD0029,1,2803.63,8.42
ITEM000594,ORD00576,PROD0266,1,49571.34,68.54
ITEM000595,ORD00858,PROD0393,5,5530.06,38.96
ITEM000596,ORD00752,PROD0373,5,49951.61,39.2
ITEM000597,ORD00873,PROD0159,9,27067.73,32.59
ITEM000598,ORD00213,PROD0255,7,25655.49,98.79
ITEM000599,ORD00441,PROD0333,9,48605.23,68.81
ITEM000600,ORD00137,PROD0067,7,12745.96,36.54
ITEM000601,ORD00978,PROD0238,3,11509.31,86.65
ITEM000602,ORD00950,PROD0072,7,22719.49,22.17
ITEM000603,ORD00364,PROD0207,6,45255.17,44.08
ITEM000604,ORD00907,PROD0219,9,8113.43,37.13
ITEM000605,ORD00493,PROD0279,2,43054.83,39.71
ITEM000606,ORD00301,PROD0164,7,24725.09,84.45
ITEM000607,ORD00782,PROD0081,7,46195.86,12.88
ITEM000608,ORD00827,PROD0153,3,2700.9,96.91
ITEM000609,ORD00572,PROD0018,8,9473.87,61.97
ITEM000610,ORD00468,PROD0152,10,32272.62,50.23
ITEM000611,ORD00448,PROD0124,5,40609.71,76.6
ITEM000612,ORD00052,PROD0444,1,44404.33,93.31
ITEM000613,ORD00584,PROD0455,8,7504.46,92.19
ITEM000614,ORD00197,PROD0231,4,16414.61,26.24
ITEM000615,ORD00349,PROD0090,3,42570.97,0.17
ITEM000616,ORD00107,PROD0309,3,13566.87,94.83
ITEM000617,ORD00981,PROD0445,8,49485.42,90.52
ITEM000618,ORD00965,PROD0059,6,43549.97,60.22
ITEM000619,ORD00206,PROD0325,2,27780.59,67.63
ITEM000620,ORD00220,PROD0274,1,15947.09,29.39
ITEM000621,ORD00511,PROD0120,9,8027.33,91.49
ITEM000622,ORD00230,PROD0054,10,2724.53,42.82
ITEM000623,ORD00734,PROD0250,9,29569.43,86.54
ITEM000624,ORD00234,PROD0072,3,17377.46,32.09
ITEM000625,ORD00060,PROD0168,4,13526.89,45.92
ITEM000626,ORD00067,PROD0497,1,26653.16,82.18
ITEM000627,ORD00454,PROD0210,5,26817.0,36.11
ITEM000628,ORD00672,PROD0269,2,24642.45,99.01
ITEM000629,ORD00269,PROD0409,8,30255.23,99.94
ITEM000630,ORD00838,PROD0044,3,31164.64,90.52
ITEM000631,ORD00830,PROD0225,3,37769.87,93.37
ITEM000632,ORD00192,PROD0462,1,6311.22,25.89
ITEM000633,ORD00356,PROD0375,3,29420.1,99.01
ITEM000634,ORD00093,PROD0091,9,11910.62,59.95
ITEM000635,ORD00113,PROD0232,8,16249.61,35.97
ITEM000636,ORD00365,PROD0269,7,29487.02,91.71
ITEM000637,ORD00475,PROD0487,2,47533.19,26.71
ITEM000638,ORD00025,PROD0095,7,1211.69,56.48
ITEM000639,ORD00625,PROD0116,6,46131.94,26.24
ITEM000640,ORD00653,PROD0377,1,37505.07,72.19
ITEM000641,ORD00149,PROD0028,1,10005.14,14.25
ITEM000642,ORD00433,PROD0487,10,9232.05,20.31
ITEM000643,ORD00018,PROD0478,2,43481.92,13.36
ITEM000644,ORD00221,PROD0471,5,24328.33,6.65
ITEM000645,ORD00992,PROD0033,1,24434.66,81.09
ITEM000646,ORD00102,PROD0483,1,25066.3,77.63
ITEM000647,ORD00936,PROD0350,8,42509.12,86.93
ITEM000648,ORD00323,PROD0087,4,4866.09,1.57
ITEM000649,ORD00477,PROD0045,3,9838.54,29.48
ITEM000650,ORD00512,PROD0224,6,25588.69,18.43
ITEM000651,ORD00633,PROD0387,6,33839.79,22.17
ITEM000652,ORD00017,PROD0061,8,10226.24,29.36
ITEM000653,ORD00334,PROD0210,2,21394.7,8.81
ITEM000654,ORD00649,PROD0039,9,6614.16,58.07
ITEM000655,ORD00921,PROD0261,3,14830.62,26.07
ITEM000656,ORD00217,PROD0123,3,42428.63,60.95
ITEM000657,ORD00715,PROD0335,2,42982.66,60.81
ITEM000658,ORD00315,PROD0006,3,6896.29,26.77
ITEM000659,ORD00361,PROD0349,5,38445.12,53.27
ITEM000660,ORD00349,PROD0391,8,18398.96,58.99
ITEM000661,ORD00586,PROD0063,8,28391.32,35.69
ITEM000662,ORD00165,PROD0433,5,9641.05,67.3
ITEM000663,ORD00380,PROD0036,2,48964.92,3.64
ITEM000664,ORD00345,PROD0317,9,28607.53,38.4
ITEM000665,ORD00929,PROD0120,8,32323.1,88.66
ITEM000666,ORD00253,PROD0191,9,3467.75,22.28
ITEM000667,ORD00075,PROD0307,10,47783.32,86.95
ITEM000668,ORD00270,PROD0420,8,39710.65,67.59
ITEM000669,ORD00517,PROD0072,4,14768.78,74.95
ITEM000670,ORD00245,PROD0420,10,49914.0,9.98
ITEM000671,ORD00675,PROD0117,10,18985.45,23.56
ITEM000672,ORD00466,PROD0399,3,27000.66,90.46
ITEM000673,ORD00314,PROD0113,7,44133.7,30.32
ITEM000674,ORD00929,PROD0097,4,37872.66,75.69
ITEM000675,ORD00851,PROD0334,3,7354.43,9.28
ITEM000676,ORD00661,PROD0261,3,17981.71,7.93
ITEM000677,ORD00355,PROD0006,8,21814.54,67.27
ITEM000678,ORD00284,PROD0449,6,45206.79,69.03
ITEM000679,ORD00815,PROD0034,3,36115.16,45.05
ITEM000680,ORD00169,PROD0357,2,34750.64,90.45
ITEM000681,ORD00745,PROD0325,3,19156.1,76.96
ITEM000682,ORD00969,PROD0461,2,42296.69,1.28
ITEM000683,ORD00421,PROD0484,2,33496.58,93.87
ITEM000684,ORD00351,PROD0092,8,15888.12,43.25
ITEM000685,ORD00688,PROD0112,2,19224.94,52.3
ITEM000686,ORD00950,PROD0250,9,43078.44,18.61
ITEM000687,ORD00663,PROD0057,10,46136.43,21.21
ITEM000688,ORD00387,PROD0294,6,6733.11,52.61
ITEM000689,ORD00737,PROD0318,3,15516.02,0.13
ITEM000690,ORD00277,PROD0249,4,33299.64,19.5
ITEM000691,ORD00467,PROD0420,9,22168.73,9.94
ITEM000692,ORD00562,PROD0079,1,47264.36,89.24
ITEM000693,ORD00996,PROD0338,9,24098.7,54.36
ITEM000694,ORD00651,PROD0401,5,48272.78,71.07
ITEM000695,ORD00794,PROD0041,10,5558.95,18.61
ITEM000696,ORD00104,PROD0224,9,41522.54,63.19
ITEM000697,ORD00052,PROD0225,9,7108.26,20.77
ITEM000698,ORD00868,PROD0247,10,17467.94,30.35
ITEM000699,ORD00343,PROD0072,10,5404.31,98.49
ITEM000700,ORD00697,PROD0154,8,21104.56,25.8
ITEM000701,ORD00332,PROD0132,5,23661.88,84.67
ITEM000702,ORD00271,PROD0242,9,31193.65,91.26
ITEM000703,ORD00936,PROD0008,9,25234.17,57.33
ITEM000704,ORD00676,PROD0002,6,1882.78,22.33
ITEM000705,ORD00700,PROD0001,6,43194.7,40.28
ITEM000706,ORD00266,PROD0279,3,39860.72,85.8
ITEM000707,ORD00954,PROD0074,5,48322.58,27.1
ITEM000708,ORD00459,PROD0242,4,42913.22,39.95
ITEM000709,ORD00209,PROD0157,10,19136.12,92.91
ITEM000710,ORD00689,PROD0139,1,49420.4,31.23
ITEM000711,ORD00601,PROD0159,4,29287.29,1.76
ITEM000712,ORD00834,PROD0222,9,33231.97,68.78
ITEM000713,ORD00026,PROD0130,2,12563.84,41.77
ITEM000714,ORD00053,PROD0450,10,49272.65,3.21
ITEM000715,ORD00616,PROD0181,4,18708.0,20.74
ITEM000716,ORD00109,PROD0461,8,47796.65,63.6
ITEM000717,ORD00646,PROD0148,7,15217.98,94.8
ITEM000718,ORD00884,PROD0331,8,7912.34,9.63
ITEM000719,ORD00763,PROD0364,10,47445.07,25.8
ITEM000720,ORD00388,PROD0125,5,21343.87,39.56
ITEM000721,ORD00356,PROD0346,9,21489.29,75.83
ITEM000722,ORD00748,PROD0214,7,21116.42,32.68
ITEM000723,ORD00146,PROD0133,2,1308.07,2.7
ITEM000724,ORD00900,PROD0171,8,36072.85,20.33
ITEM000725,ORD00706,PROD0151,2,34224.88,45.41
ITEM000726,ORD00744,PROD0348,7,14267.21,86.93
ITEM000727,ORD00453,PROD0424,4,29218.55,44.08
ITEM000728,ORD00560,PROD0090,9,4118.42,83.9
ITEM000729,ORD00553,PROD0304,3,23440.41,2.2
ITEM000730,ORD00003,PROD0284,8,19721.33,25.53
ITEM000731,ORD00072,PROD0102,1,17497.33,41.32
ITEM000732,ORD00003,PROD0358,2,7462.48,65.95
ITEM000733,ORD00740,PROD0132,1,36232.79,87.08
ITEM000734,ORD00987,PROD0373,5,41785.65,40.11
ITEM000735,ORD00752,PROD0245,3,32442.53,37.17
ITEM000736,ORD00121,PROD0012,7,1805.43,66.98
ITEM000737,ORD00127,PROD0027,4,13176.64,39.51
ITEM000738,ORD00597,PROD0047,1,28233.41,96.48
ITEM000739,ORD00308,PROD0004,4,40193.82,3.51
ITEM000740,ORD00472,PROD0110,3,47286.02,3.99
ITEM000741,ORD00996,PROD0075,7,26760.29,66.76
ITEM000742,ORD00680,PROD0345,7,23726.67,73.58
ITEM000743,ORD00957,PROD0190,1,23233.31,40.76
ITEM000744,ORD00559,PROD0021,2,40858.36,26.57
ITEM000745,ORD00968,PROD0107,3,21851.2,15.16
ITEM000746,ORD00598,PROD0134,4,6690.86,0.11
ITEM000747,ORD00900,PROD0413,7,45214.28,54.66
ITEM000748,ORD00033,PROD0450,10,38173.26,39.69
ITEM000749,ORD00198,PROD0364,8,20315.84,95.25
ITEM000750,ORD00978,PROD0069,9,13778.58,80.13
ITEM000751,ORD00052,PROD0408,10,26936.98,20.34
ITEM000752,ORD00246,PROD0067,3,18939.19,36.87
ITEM000753,ORD00008,PROD0191,10,24681.17,43.82
ITEM000754,ORD00864,PROD0489,6,46627.21,44.66
ITEM000755,ORD00861,PROD0443,5,2321.12,10.31
ITEM000756,ORD00798,PROD0097,4,28621.78,17.64
ITEM000757,ORD00718,PROD0130,8,15310.62,54.34
ITEM000758,ORD00384,PROD0439,9,31844.76,62.6
ITEM000759,ORD00551,PROD0135,2,8444.1,70.06
ITEM000760,ORD00218,PROD0202,8,1959.06,99.51
ITEM000761,ORD00094,PROD0186,10,20556.92,34.31
ITEM000762,ORD00739,PROD0132,9,2801.1,18.71
ITEM000763,ORD00199,PROD0192,1,3458.17,21.64
ITEM000764,ORD00229,PROD0414,10,49412.92,45.87
ITEM000765,ORD00294,PROD0128,4,44072.26,25.9
ITEM000766,ORD00151,PROD0128,7,33856.24,39.01
ITEM000767,ORD00767,PROD0206,9,49166.3,73.8
ITEM000768,ORD00925,PROD0160,5,32541.3,79.37
ITEM000769,ORD00059,PROD0156,3,9130.22,5.28
ITEM000770,ORD00611,PROD0463,8,46128.45,20.38
ITEM000771,ORD00528,PROD0408,3,47663.55,90.68
ITEM000772,ORD00093,PROD0115,9,26360.87,10.44
ITEM000773,ORD00525,PROD0007,9,36992.73,93.08
ITEM000774,ORD00160,PROD0153,2,9484.39,53.96
ITEM000775,ORD00389,PROD0247,2,47125.27,36.79
ITEM000776,ORD00770,PROD0329,8,47726.21,17.66
ITEM000777,ORD00582,PROD0353,1,28609.58,66.32
ITEM000778,ORD00993,PROD0053,8,8377.04,82.7
ITEM000779,ORD00450,PROD0418,4,10150.71,52.77
ITEM000780,ORD00788,PROD0332,3,27345.78,94.09
ITEM000781,ORD00832,PROD0089,7,8131.71,78.54
ITEM000782,ORD00170,PROD0486,1,22803.43,32.48
ITEM000783,ORD00391,PROD0240,9,46400.36,30.77
ITEM000784,ORD00448,PROD0153,8,22461.74,88.19
ITEM000785,ORD00915,PROD0014,10,13824.46,19.18
ITEM000786,ORD00532,PROD0332,4,6732.59,61.65
ITEM000787,ORD00630,PROD0027,9,438.29,37.86
ITEM000788,ORD00072,PROD0354,1,6661.82,72.07
ITEM000789,ORD00322,PROD0031,10,6696.99,74.73
ITEM000790,ORD00499,PROD0041,9,44318.55,21.12
ITEM000791,ORD00378,PROD0273,2,22620.52,12.34
ITEM000792,ORD00021,PROD0144,9,13399.4,49.34
ITEM000793,ORD00868,PROD0133,10,35933.15,11.91
ITEM000794,ORD00954,PROD0053,1,27465.85,84.29
ITEM000795,ORD00738,PROD0283,2,39957.97,86.59
ITEM000796,ORD00418,PROD0378,8,1724.13,8.26
ITEM000797,ORD00313,PROD0166,8,44692.32,47.24
ITEM000798,ORD00216,PROD0486,5,49985.41,30.38
ITEM000799,ORD00693,PROD0327,2,44615.58,2.04
ITEM000800,ORD00144,PROD0075,9,9414.38,31.28
ITEM000801,ORD00857,PROD0043,7,33081.85,77.38
ITEM000802,ORD00903,PROD0457,3,18323.94,33.79
ITEM000803,ORD00580,PROD0017,2,7702.19,53.88
ITEM000804,ORD00636,PROD0446,2,21436.35,86.76
ITEM000805,ORD00536,PROD0349,9,19409.73,53.18
ITEM000806,ORD00800,PROD0226,7,9895.93,81.81
ITEM000807,ORD00921,PROD0079,6,7892.9,95.96
ITEM000808,ORD00492,PROD0438,3,7043.45,49.86
ITEM000809,ORD00604,PROD0220,6,23230.43,12.91
ITEM000810,ORD00216,PROD0247,3,7930.26,39.57
ITEM000811,ORD00008,PROD0328,1,19394.86,18.14
ITEM000812,ORD00168,PROD0049,2,32427.46,47.42
ITEM000813,ORD00932,PROD0244,3,25267.25,30.22
ITEM000814,ORD00781,PROD0347,2,15566.24,29.38
ITEM000815,ORD00439,PROD0431,6,4413.32,66.42
ITEM000816,ORD00577,PROD0470,8,35073.96,23.7
ITEM000817,ORD00949,PROD0012,5,45947.97,44.19
ITEM000818,ORD00576,PROD0230,7,29375.62,14.24
ITEM000819,ORD00042,PROD0441,3,34097.39,82.96
ITEM000820,ORD00226,PROD0216,10,27157.71,38.68
ITEM000821,ORD00790,PROD0129,3,41916.73,34.29
ITEM000822,ORD00176,PROD0293,2,36499.0,22.83
ITEM000823,ORD00045,PROD0440,8,10151.61,63.68
ITEM000824,ORD00902,PROD0373,8,2710.06,15.05
ITEM000825,ORD00543,PROD0135,1,15929.06,31.87
ITEM000826,ORD00609,PROD0412,6,9337.95,14.74
ITEM000827,ORD00563,PROD0262,7,44910.4,9.21
ITEM000828,ORD00887,PROD0469,2,46728.63,19.95
ITEM000829,ORD00206,PROD0266,5,43879.59,9.22
ITEM000830,ORD00662,PROD0323,8,42045.85,60.64
ITEM000831,ORD00059,PROD0257,10,43535.22,28.51
ITEM000832,ORD00626,PROD0090,10,30095.84,28.48
ITEM000833,ORD00842,PROD0382,4,6165.32,8.51
ITEM000834,ORD00562,PROD0017,5,29959.56,11.33
ITEM000835,ORD00454,PROD0195,9,46001.66,46.95
ITEM000836,ORD00039,PROD0323,6,42208.02,16.37
ITEM000837,ORD00217,PROD0022,4,46513.34,34.44
ITEM000838,ORD00566,PROD0239,4,16271.79,82.61
ITEM000839,ORD00824,PROD0464,6,42667.65,52.75
ITEM000840,ORD00320,PROD0201,6,1492.63,59.17
ITEM000841,ORD00226,PROD0351,7,47595.61,4.62
ITEM000842,ORD00453,PROD0407,4,10381.48,29.37
ITEM000843,ORD00367,PROD0374,4,9122.32,37.65
ITEM000844,ORD00308,PROD0195,7,17213.25,83.42
ITEM000845,ORD00404,PROD0050,7,9951.81,72.82
ITEM000846,ORD00801,PROD0052,5,25908.38,19.55
ITEM000847,ORD00727,PROD0278,2,30525.02,45.38
ITEM000848,ORD00493,PROD0424,7,27304.86,65.07
ITEM000849,ORD00032,PROD0359,9,28190.56,26.2
ITEM000850,ORD00053,PROD0075,2,32118.11,68.12
ITEM000851,ORD00688,PROD0358,3,43482.95,44.48
ITEM000852,ORD00311,PROD0066,8,33057.13,65.75
ITEM000853,ORD00362,PROD0416,3,26593.48,5.45
ITEM000854,ORD00437,PROD0021,1,24015.63,74.95
ITEM000855,ORD00321,PROD0331,6,24626.96,28.44
ITEM000856,ORD00699,PROD0378,9,28750.05,68.89
ITEM000857,ORD00839,PROD0165,3,30438.3,39.31
ITEM000858,ORD00630,PROD0137,1,18680.91,41.06
ITEM000859,ORD00778,PROD0392,7,26877.71,68.56
ITEM000860,ORD00679,PROD0419,4,14191.16,24.99
ITEM000861,ORD00143,PROD0090,10,23641.2,84.68
ITEM000862,ORD00782,PROD0166,3,14835.27,43.19
ITEM000863,ORD00700,PROD0036,1,28337.44,31.37
ITEM000864,ORD00288,PROD0156,4,48332.7,16.44
ITEM000865,ORD00181,PROD0180,9,31989.12,31.36
ITEM000866,ORD00753,PROD0376,7,9960.14,83.93
ITEM000867,ORD00385,PROD0270,5,5322.15,22.85
ITEM000868,ORD00738,PROD0171,9,11282.35,92.73
ITEM000869,ORD00427,PROD0096,9,11438.35,37.18
ITEM000870,ORD00870,PROD0409,5,11723.78,18.33
ITEM000871,ORD00056,PROD0269,1,21471.08,70.38
ITEM000872,ORD00323,PROD0103,3,21851.29,28.7
ITEM000873,ORD00612,PROD0025,2,45718.71,76.13
ITEM000874,ORD00549,PROD0074,10,11173.66,89.72
ITEM000875,ORD00197,PROD0370,4,18542.6,37.74
ITEM000876,ORD00465,PROD0111,4,17601.82,16.13
ITEM000877,ORD00608,PROD0230,7,41610.89,62.44
ITEM000878,ORD00288,PROD0059,3,37764.73,21.26
ITEM000879,ORD00600,PROD0428,3,32508.76,94.17
ITEM000880,ORD00820,PROD0462,5,24095.28,65.97
ITEM000881,ORD00496,PROD0015,7,8025.71,90.4
ITEM000882,ORD00548,PROD0124,9,7208.22,81.87
ITEM000883,ORD00051,PROD0194,3,9318.47,72.18
ITEM000884,ORD00819,PROD0446,10,31448.1,49.41
ITEM000885,ORD00615,PROD0382,4,14919.25,82.63
ITEM000886,ORD00915,PROD0299,4,31414.33,52.36
ITEM000887,ORD00719,PROD0239,7,3511.97,35.08
ITEM000888,ORD00900,PROD0368,10,10012.77,78.28
ITEM000889,ORD00531,PROD0011,5,30120.33,63.71
ITEM000890,ORD00148,PROD0286,9,5541.89,72.8
ITEM000891,ORD00200,PROD0436,4,3509.2,66.99
ITEM000892,ORD00046,PROD0061,6,24608.49,21.35
ITEM000893,ORD00661,PROD0438,3,28616.41,17.77
ITEM000894,ORD00961,PROD0103,5,49754.65,29.04
ITEM000895,ORD00547,PROD0488,7,647.69,11.07
ITEM000896,ORD00411,PROD0281,10,16597.76,7.53
ITEM000897,ORD00197,PROD0434,8,19971.95,11.71
ITEM000898,ORD00242,PROD0385,10,5909.16,33.5
ITEM000899,ORD00153,PROD0394,4,23246.14,2.52
ITEM000900,ORD00830,PROD0087,7,16826.3,19.45
ITEM000901,ORD00867,PROD0382,10,4240.0,13.94
ITEM000902,ORD00480,PROD0475,5,48041.8,4.7
ITEM000903,ORD00414,PROD0463,10,32990.16,76.22
ITEM000904,ORD00304,PROD0474,9,20022.74,45.52
ITEM000905,ORD00153,PROD0019,8,31455.21,80.8
ITEM000906,ORD00804,PROD0156,9,15131.42,50.29
ITEM000907,ORD00170,PROD0380,9,44018.74,46.72
ITEM000908,ORD00788,PROD0092,7,28071.47,34.54
ITEM000909,ORD00279,PROD0123,4,14588.39,54.71
ITEM000910,ORD00395,PROD0225,5,43528.85,63.69
ITEM000911,ORD00857,PROD0131,3,28719.93,19.67
ITEM000912,ORD00498,PROD0007,4,9116.0,4.9
ITEM000913,ORD00260,PROD0110,9,46899.98,46.74
ITEM000914,ORD00701,PROD0337,2,38075.5,37.06
ITEM000915,ORD00975,PROD0022,3,31846.38,64.14
ITEM000916,ORD00484,PROD0073,4,45127.07,91.14
ITEM000917,ORD00030,PROD0468,6,16027.7,33.67
ITEM000918,ORD00241,PROD0074,7,40063.83,48.07
ITEM000919,ORD00466,PROD0120,2,10182.47,70.77
ITEM000920,ORD00191,PROD0026,9,24536.73,15.7
ITEM000921,ORD00002,PROD0336,4,6780.74,90.09
ITEM000922,ORD00138,PROD0158,10,14210.51,53.07
ITEM000923,ORD00731,PROD0337,4,43497.03,33.98
ITEM000924,ORD00191,PROD0297,4,23704.43,48.86
ITEM000925,ORD00202,PROD0499,10,34576.85,62.6
ITEM000926,ORD00476,PROD0219,5,17486.36,30.91
ITEM000927,ORD00647,PROD0053,7,6051.47,38.48
ITEM000928,ORD00025,PROD0302,3,32040.43,31.23
ITEM000929,ORD00890,PROD0497,8,38629.79,75.22
ITEM000930,ORD00278,PROD0220,6,33508.89,89.71
ITEM000931,ORD00771,PROD0240,6,45261.67,62.98
ITEM000932,ORD00377,PROD0386,5,26573.19,16.97
ITEM000933,ORD00127,PROD0404,6,32501.25,35.63
ITEM000934,ORD00103,PROD0424,8,14479.74,63.68
ITEM000935,ORD00470,PROD0028,9,18256.31,24.73
ITEM000936,ORD00258,PROD0123,3,3017.46,66.57
ITEM000937,ORD00372,PROD0457,8,12348.63,22.88
ITEM000938,ORD00729,PROD0490,10,48119.5,95.6
ITEM000939,ORD00461,PROD0384,5,17829.21,95.51
ITEM000940,ORD00539,PROD0316,6,47934.98,60.65
ITEM000941,ORD00714,PROD0454,3,43594.35,67.28
ITEM000942,ORD00456,PROD0335,9,48711.65,25.94
ITEM000943,ORD00027,PROD0101,6,13205.82,23.75
ITEM000944,ORD00418,PROD0365,5,31723.86,52.38
ITEM000945,ORD00602,PROD0478,2,11699.5,74.51
ITEM000946,ORD00742,PROD0009,7,37021.34,58.83
ITEM000947,ORD00409,PROD0008,2,16441.91,31.48
ITEM000948,ORD00170,PROD0086,2,35764.55,73.59
ITEM000949,ORD00714,PROD0338,10,22048.17,95.73
ITEM000950,ORD00733,PROD0490,3,32297.61,5.05
ITEM000951,ORD00239,PROD0180,5,27888.0,76.08
ITEM000952,ORD00086,PROD0351,5,9427.63,49.71
ITEM000953,ORD00469,PROD0223,1,23900.08,15.92
ITEM000954,ORD00532,PROD0271,8,29913.53,63.4
ITEM000955,ORD00296,PROD0301,1,39648.27,99.11
ITEM000956,ORD00835,PROD0443,8,42702.16,92.12
ITEM000957,ORD00511,PROD0138,2,19302.14,68.24
ITEM000958,ORD00495,PROD0220,9,26577.23,31.16
ITEM000959,ORD00090,PROD0413,3,24771.74,59.51
ITEM000960,ORD00817,PROD0140,3,34774.19,99.0
ITEM000961,ORD00276,PROD0459,5,40006.92,33.4
ITEM000962,ORD00303,PROD0492,4,23387.39,77.69
ITEM000963,ORD00005,PROD0330,1,46171.01,59.93
ITEM000964,ORD00879,PROD0011,10,27051.93,5.06
ITEM000965,ORD00045,PROD0336,6,42189.29,86.71
ITEM000966,ORD00250,PROD0217,7,31265.7,44.5
ITEM000967,ORD00572,PROD0180,3,40262.48,2.65
ITEM000968,ORD00347,PROD0247,1,13366.96,2.52
ITEM000969,ORD00297,PROD0382,6,37645.8,65.57
ITEM000970,ORD00101,PROD0272,8,40986.35,59.8
ITEM000971,ORD00932,PROD0037,4,12008.81,89.79
ITEM000972,ORD00297,PROD0140,2,26495.18,74.29
ITEM000973,ORD00382,PROD0160,3,28485.66,22.94
ITEM000974,ORD00519,PROD0253,7,20639.14,9.99
ITEM000975,ORD00289,PROD0116,6,20108.54,35.79
ITEM000976,ORD00018,PROD0290,1,28289.38,85.06
ITEM000977,ORD00778,PROD0087,5,49648.77,21.79
ITEM000978,ORD00335,PROD0067,9,16042.74,40.69
ITEM000979,ORD00304,PROD0068,5,36148.96,26.83
ITEM000980,ORD00852,PROD0412,10,40693.54,59.97
ITEM000981,ORD00434,PROD0083,9,2268.85,37.33
ITEM000982,ORD00431,PROD0005,7,23380.51,79.29
ITEM000983,ORD00104,PROD0128,4,34633.41,39.12
ITEM000984,ORD00397,PROD0249,3,43861.47,99.57
ITEM000985,ORD00356,PROD0269,6,16469.14,74.06
ITEM000986,ORD00707,PROD0390,5,44246.16,30.45
ITEM000987,ORD00141,PROD0428,5,1336.68,70.87
ITEM000988,ORD00927,PROD0085,2,17968.19,63.4
ITEM000989,ORD00810,PROD0341,5,5678.52,78.85
ITEM000990,ORD00774,PROD0200,9,49199.77,49.07
ITEM000991,ORD00897,PROD0327,2,26660.67,10.87
ITEM000992,ORD00421,PROD0246,10,20391.68,94.4
ITEM000993,ORD00735,PROD0242,8,49328.14,56.49
ITEM000994,ORD00190,PROD0324,4,26511.47,55.98
ITEM000995,ORD00962,PROD0412,5,31528.36,11.08
ITEM000996,ORD00146,PROD0438,9,17872.25,39.23
ITEM000997,ORD00896,PROD0014,6,2049.44,9.51
ITEM000998,ORD00153,PROD0106,6,48229.68,52.79
ITEM000999,ORD00020,PROD0003,8,20283.78,58.37
ITEM001000,ORD00373,PROD0486,6,3385.29,78.75
ITEM001001,ORD00807,PROD0256,5,16775.78,68.77
ITEM001002,ORD00103,PROD0366,8,34709.09,93.51
ITEM001003,ORD00845,PROD0444,9,38874.61,17.18
ITEM001004,ORD00033,PROD0011,3,41189.96,1.34
ITEM001005,ORD00789,PROD0271,7,20827.91,56.56
ITEM001006,ORD00817,PROD0459,7,48638.75,85.96
ITEM001007,ORD00489,PROD0484,3,1238.09,11.12
ITEM001008,ORD00980,PROD0205,6,3326.79,70.97
ITEM001009,ORD00539,PROD0329,3,25799.83,6.58
ITEM001010,ORD00084,PROD0218,5,41239.42,91.8
ITEM001011,ORD00455,PROD0288,3,19486.23,42.69
ITEM001012,ORD00735,PROD0295,2,16076.14,7.76
ITEM001013,ORD00996,PROD0095,4,10686.04,91.95
ITEM001014,ORD00733,PROD0474,7,32532.84,25.9
ITEM001015,ORD00461,PROD0363,10,3360.58,31.13
ITEM001016,ORD00613,PROD0129,2,2204.7,86.54
ITEM001017,ORD00252,PROD0303,9,40549.3,20.23
ITEM001018,ORD00312,PROD0379,9,14041.1,65.55
ITEM001019,ORD00600,PROD0478,9,2537.71,83.56
ITEM001020,ORD00423,PROD0252,5,3142.08,33.1
ITEM001021,ORD00860,PROD0442,5,24090.41,77.12
ITEM001022,ORD00900,PROD0248,7,8634.82,74.69
ITEM001023,ORD00853,PROD0225,3,6448.11,85.15
ITEM001024,ORD00485,PROD0242,5,19142.83,30.1
ITEM001025,ORD00944,PROD0447,10,39815.76,14.81
ITEM001026,ORD00559,PROD0125,8,21420.86,80.68
ITEM001027,ORD00800,PROD0434,8,35263.42,85.32
ITEM001028,ORD00305,PROD0073,3,42827.97,82.88
ITEM001029,ORD00035,PROD0418,5,43476.62,37.93
ITEM001030,ORD00724,PROD0394,9,45313.09,61.11
ITEM001031,ORD00275,PROD0051,9,39701.33,50.82
ITEM001032,ORD00684,PROD0102,2,25880.24,91.61
ITEM001033,ORD00457,PROD0146,1,15073.51,61.95
ITEM001034,ORD00513,PROD0379,5,9015.81,38.31
ITEM001035,ORD00049,PROD0355,10,34780.74,85.79
ITEM001036,ORD00901,PROD0025,6,5151.96,12.53
ITEM001037,ORD00687,PROD0030,6,46948.19,49.45
ITEM001038,ORD00364,PROD0444,7,31569.12,49.56
ITEM001039,ORD00281,PROD0301,8,45780.62,37.77
ITEM001040,ORD00247,PROD0220,3,20107.87,7.2
ITEM001041,ORD00332,PROD0228,6,35463.93,62.69
ITEM001042,ORD00267,PROD0492,8,46405.92,1.33
ITEM001043,ORD00585,PROD0381,4,37686.06,94.76
ITEM001044,ORD00732,PROD0416,6,2021.63,86.51
ITEM001045,ORD00984,PROD0222,7,22854.49,21.64
ITEM001046,ORD00657,PROD0350,8,2739.27,81.67
ITEM001047,ORD00264,PROD0241,8,14071.77,77.01
ITEM001048,ORD00370,PROD0229,1,44119.66,4.17
ITEM001049,ORD00938,PROD0230,3,2519.03,1.0
ITEM001050,ORD00865,PROD0204,7,41795.79,10.85
ITEM001051,ORD00627,PROD0312,4,34372.1,51.88
ITEM001052,ORD00177,PROD0002,3,43151.74,15.9
ITEM001053,ORD00107,PROD0212,1,5912.0,90.19
ITEM001054,ORD00140,PROD0474,2,23612.63,45.78
ITEM001055,ORD00427,PROD0338,1,36142.29,73.94
ITEM001056,ORD00308,PROD0399,7,30948.35,39.63
ITEM001057,ORD00709,PROD0239,6,46626.5,63.01
ITEM001058,ORD00929,PROD0268,6,5251.13,12.93
ITEM001059,ORD00385,PROD0429,7,23347.32,81.99
ITEM001060,ORD00681,PROD0149,10,42480.42,34.74
ITEM001061,ORD00775,PROD0201,3,44908.41,58.47
ITEM001062,ORD00480,PROD0184,8,12017.13,52.53
ITEM001063,ORD00479,PROD0304,2,8971.95,34.55
ITEM001064,ORD00957,PROD0092,4,30835.21,15.78
ITEM001065,ORD00722,PROD0289,8,32597.91,24.77
ITEM001066,ORD00231,PROD0088,8,13320.99,21.04
ITEM001067,ORD00649,PROD0411,4,27473.22,9.98
ITEM001068,ORD00958,PROD0416,6,1206.91,11.8
ITEM001069,ORD00496,PROD0315,9,28038.65,30.61
ITEM001070,ORD00067,PROD0231,4,41633.82,75.06
ITEM001071,ORD00335,PROD0340,4,27638.16,73.09
ITEM001072,ORD00199,PROD0009,4,40191.89,48.93
ITEM001073,ORD00914,PROD0259,6,39034.0,14.67
ITEM001074,ORD00807,PROD0325,9,29984.72,60.83
ITEM001075,ORD00969,PROD0443,2,26581.09,40.91
ITEM001076,ORD00015,PROD0456,10,49289.3,96.3
ITEM001077,ORD00384,PROD0176,2,5825.3,16.35
ITEM001078,ORD00586,PROD0054,1,36914.96,90.53
ITEM001079,ORD00227,PROD0277,5,12488.35,40.12
ITEM001080,ORD00148,PROD0494,3,25465.83,64.88
ITEM001081,ORD00295,PROD0204,3,43067.4,19.83
ITEM001082,ORD00526,PROD0178,6,7143.75,31.04
ITEM001083,ORD00481,PROD0068,5,33433.13,93.3
ITEM001084,ORD00891,PROD0207,6,20492.6,27.48
ITEM001085,ORD00490,PROD0476,6,27304.77,5.31
ITEM001086,ORD00512,PROD0310,8,12124.77,53.36
ITEM001087,ORD00786,PROD0255,10,29502.29,75.65
ITEM001088,ORD00393,PROD0283,10,34647.36,69.94
ITEM001089,ORD00719,PROD0194,5,19670.32,62.13
ITEM001090,ORD00643,PROD0139,8,13186.96,20.4
ITEM001091,ORD00488,PROD0457,4,33500.7,0.18
ITEM001092,ORD00433,PROD0482,1,47868.17,28.69
ITEM001093,ORD00465,PROD0081,5,37406.94,21.13
ITEM001094,ORD00470,PROD0146,3,46554.2,14.99
ITEM001095,ORD00756,PROD0206,2,12460.97,18.57
ITEM001096,ORD00885,PROD0380,6,3556.86,68.92
ITEM001097,ORD00346,PROD0051,10,27503.05,20.29
ITEM001098,ORD00277,PROD0241,10,44325.84,13.0
ITEM001099,ORD00446,PROD0133,5,37418.04,78.31
ITEM001100,ORD00239,PROD0191,1,10468.19,66.54
ITEM001101,ORD00995,PROD0160,5,40806.9,20.17
ITEM001102,ORD00307,PROD0496,7,26924.43,26.56
ITEM001103,ORD00860,PROD0073,7,23711.13,73.03
ITEM001104,ORD00667,PROD0289,10,320.71,36.3
ITEM001105,ORD00396,PROD0246,3,35377.12,29.12
ITEM001106,ORD00081,PROD0412,3,25923.9,72.14
ITEM001107,ORD00562,PROD0392,3,24665.26,87.93
ITEM001108,ORD00294,PROD0185,9,46732.47,40.35
ITEM001109,ORD00944,PROD0324,10,2540.61,46.13
ITEM001110,ORD00225,PROD0110,7,35048.59,57.89
ITEM001111,ORD00508,PROD0043,1,24244.71,23.95
ITEM001112,ORD00154,PROD0254,2,31648.15,72.81
ITEM001113,ORD00949,PROD0353,3,16311.89,92.75
ITEM001114,ORD00620,PROD0084,4,34056.63,73.42
ITEM001115,ORD00383,PROD0445,4,16367.61,74.12
ITEM001116,ORD00450,PROD0038,9,24037.16,30.85
ITEM001117,ORD00997,PROD0111,6,9228.53,7.77
ITEM001118,ORD00206,PROD0365,6,33808.75,5.55
ITEM001119,ORD00132,PROD0276,2,16722.7,76.51
ITEM001120,ORD00986,PROD0125,4,45454.73,83.32
ITEM001121,ORD00003,PROD0317,4,1916.25,48.16
ITEM001122,ORD00964,PROD0171,5,13553.67,78.59
ITEM001123,ORD00383,PROD0410,9,11855.05,12.47
ITEM001124,ORD00608,PROD0495,6,27261.35,31.22
ITEM001125,ORD00644,PROD0296,10,12845.49,12.96
ITEM001126,ORD00814,PROD0153,1,17517.45,17.55
ITEM001127,ORD00825,PROD0352,3,41829.39,42.94
ITEM001128,ORD00722,PROD0205,1,45132.98,55.34
ITEM001129,ORD00469,PROD0174,7,42148.85,19.19
ITEM001130,ORD00253,PROD0367,9,38871.71,21.21
ITEM001131,ORD00324,PROD0002,4,660.74,15.68
ITEM001132,ORD00006,PROD0131,7,47318.23,50.96
ITEM001133,ORD00729,PROD0078,6,43357.01,12.59
ITEM001134,ORD00977,PROD0487,8,2387.59,22.07
ITEM001135,ORD00954,PROD0095,4,39391.39,80.46
ITEM001136,ORD00503,PROD0400,3,27443.27,70.33
ITEM001137,ORD00371,PROD0403,8,14499.79,12.39
ITEM001138,ORD00564,PROD0259,7,41158.33,91.54
ITEM001139,ORD00691,PROD0339,3,20040.6,94.7
ITEM001140,ORD00122,PROD0206,1,36280.41,54.48
ITEM001141,ORD00515,PROD0467,3,44860.05,22.04
ITEM001142,ORD00850,PROD0315,1,2844.82,48.65
ITEM001143,ORD00125,PROD0414,2,27201.91,61.21
ITEM001144,ORD00719,PROD0350,1,4776.24,34.95
ITEM001145,ORD00586,PROD0437,10,2165.92,76.6
ITEM001146,ORD00387,PROD0381,1,13831.75,52.85
ITEM001147,ORD00878,PROD0489,6,10694.34,27.2
ITEM001148,ORD00614,PROD0036,4,12986.32,57.82
ITEM001149,ORD00775,PROD0329,9,36237.07,77.34
ITEM001150,ORD00740,PROD0206,6,1453.61,85.65
ITEM001151,ORD00005,PROD0133,5,6752.03,20.8
ITEM001152,ORD00875,PROD0100,7,4185.26,86.44
ITEM001153,ORD00022,PROD0385,9,18071.03,36.62
ITEM001154,ORD00945,PROD0115,6,48049.13,75.5
ITEM001155,ORD00080,PROD0003,10,25662.93,66.33
ITEM001156,ORD00231,PROD0392,8,8910.47,86.51
ITEM001157,ORD00780,PROD0397,1,22200.15,5.74
ITEM001158,ORD00392,PROD0187,4,9624.4,5.32
ITEM001159,ORD00922,PROD0111,1,11519.34,6.86
ITEM001160,ORD00212,PROD0147,4,28616.59,67.21
ITEM001161,ORD00840,PROD0273,9,29246.73,87.66
ITEM001162,ORD00241,PROD0063,7,36449.28,96.26
ITEM001163,ORD00818,PROD0384,5,2967.6,27.33
ITEM001164,ORD00508,PROD0115,9,43076.77,94.87
ITEM001165,ORD00169,PROD0064,2,5061.81,43.81
ITEM001166,ORD00965,PROD0458,4,30068.99,94.08
ITEM001167,ORD00375,PROD0350,1,49322.82,13.42
ITEM001168,ORD00247,PROD0328,7,29535.92,41.0
ITEM001169,ORD00168,PROD0458,10,23744.28,47.31
ITEM001170,ORD00058,PROD0141,1,7230.22,54.47
ITEM001171,ORD00503,PROD0036,10,10654.64,81.15
ITEM001172,ORD00163,PROD0118,5,37519.87,5.7
ITEM001173,ORD00309,PROD0403,7,7682.11,86.51
ITEM001174,ORD00236,PROD0322,6,49046.35,71.78
ITEM001175,ORD00373,PROD0290,1,143.57,27.88
ITEM001176,ORD00359,PROD0127,6,47291.05,57.7
ITEM001177,ORD00941,PROD0429,8,40523.3,61.91
ITEM001178,ORD00947,PROD0303,1,21555.98,84.06
ITEM001179,ORD00612,PROD0001,4,27784.41,65.49
ITEM001180,ORD00246,PROD0072,2,21893.97,35.08
ITEM001181,ORD00942,PROD0480,3,6606.44,94.81
ITEM001182,ORD00959,PROD0210,4,7356.77,97.02
ITEM001183,ORD00349,PROD0140,3,48820.08,40.62
ITEM001184,ORD00600,PROD0418,7,6887.37,47.1
ITEM001185,ORD00260,PROD0039,7,18947.17,16.42
ITEM001186,ORD00691,PROD0250,1,18680.0,53.91
ITEM001187,ORD00933,PROD0019,3,15440.04,74.46
ITEM001188,ORD00374,PROD0070,8,24217.15,2.86
ITEM001189,ORD00643,PROD0451,7,4351.82,6.13
ITEM001190,ORD00590,PROD0160,10,28572.04,75.29
ITEM001191,ORD00793,PROD0350,5,39697.32,35.83
ITEM001192,ORD00927,PROD0290,6,17571.47,16.66
ITEM001193,ORD00018,PROD0497,6,33582.77,95.53
ITEM001194,ORD00855,PROD0446,3,38874.26,28.29
ITEM001195,ORD00108,PROD0137,7,32705.08,11.13
ITEM001196,ORD00973,PROD0153,1,19763.83,62.34
ITEM001197,ORD00746,PROD0341,2,35377.24,14.47
ITEM001198,ORD00948,PROD0132,9,21711.23,16.86
ITEM001199,ORD00791,PROD0368,10,43781.0,18.26
ITEM001200,ORD00424,PROD0193,5,17817.32,5.98
ITEM001201,ORD00197,PROD0272,7,356.84,26.76
ITEM001202,ORD00203,PROD0236,5,46043.37,45.71
ITEM001203,ORD00195,PROD0346,6,30937.64,22.42
ITEM001204,ORD00606,PROD0260,5,34440.56,51.24
ITEM001205,ORD00361,PROD0347,1,17063.99,99.1
ITEM001206,ORD00744,PROD0115,9,26428.33,61.36
ITEM001207,ORD00523,PROD0314,10,30183.15,53.33
ITEM001208,ORD00884,PROD0204,5,19807.61,84.99
ITEM001209,ORD00402,PROD0350,5,824.45,71.88
ITEM001210,ORD00758,PROD0296,8,15982.56,98.19
ITEM001211,ORD00508,PROD0387,6,49255.99,70.22
ITEM001212,ORD00839,PROD0403,1,19065.85,61.72
ITEM001213,ORD00509,PROD0106,1,20314.88,31.72
ITEM001214,ORD00792,PROD0342,3,43583.99,66.71
ITEM001215,ORD00958,PROD0170,5,2101.6,96.74
ITEM001216,ORD00988,PROD0305,7,21779.09,78.87
ITEM001217,ORD00836,PROD0018,5,599.87,21.55
ITEM001218,ORD00057,PROD0072,8,2174.82,83.01
ITEM001219,ORD00773,PROD0071,4,33144.33,7.65
ITEM001220,ORD00528,PROD0415,8,1415.41,0.97
ITEM001221,ORD00593,PROD0478,8,5008.41,54.36
ITEM001222,ORD00912,PROD0196,7,46488.09,27.95
ITEM001223,ORD00659,PROD0256,1,19666.65,77.93
ITEM001224,ORD00149,PROD0177,4,31500.22,43.57
ITEM001225,ORD00481,PROD0402,10,6377.19,56.48
ITEM001226,ORD00266,PROD0123,8,19621.97,65.06
ITEM001227,ORD00105,PROD0277,10,18910.5,26.47
ITEM001228,ORD00839,PROD0382,3,43295.04,54.64
ITEM001229,ORD00586,PROD0261,4,23389.16,75.16
ITEM001230,ORD00571,PROD0109,2,48833.01,17.77
ITEM001231,ORD00198,PROD0280,5,4324.98,57.24
ITEM001232,ORD00754,PROD0284,4,17474.73,13.35
ITEM001233,ORD00089,PROD0328,8,25453.35,47.04
ITEM001234,ORD00218,PROD0141,1,1374.15,70.35
ITEM001235,ORD00640,PROD0286,7,40462.04,38.43
ITEM001236,ORD00059,PROD0065,7,46814.58,21.17
ITEM001237,ORD00601,PROD0462,9,21172.72,60.66
ITEM001238,ORD00300,PROD0001,2,43128.25,89.7
ITEM001239,ORD00193,PROD0262,8,32681.34,83.31
ITEM001240,ORD00428,PROD0157,4,16027.07,87.58
ITEM001241,ORD00766,PROD0488,2,15732.25,0.74
ITEM001242,ORD00069,PROD0291,2,13701.47,1.76
ITEM001243,ORD00870,PROD0381,10,46045.4,84.77
ITEM001244,ORD00013,PROD0411,3,3670.8,25.41
ITEM001245,ORD00356,PROD0106,10,182.3,72.3
ITEM001246,ORD00258,PROD0125,2,10833.48,42.05
ITEM001247,ORD00311,PROD0385,8,38602.72,98.28
ITEM001248,ORD00936,PROD0430,8,12388.98,29.84
ITEM001249,ORD00405,PROD0094,8,34221.25,28.04
ITEM001250,ORD00942,PROD0018,2,23031.23,56.42
ITEM001251,ORD00891,PROD0396,3,13684.78,15.96
ITEM001252,ORD00596,PROD0008,2,49936.67,25.63
ITEM001253,ORD00742,PROD0212,9,13970.81,61.89
ITEM001254,ORD00417,PROD0332,4,42438.46,20.78
ITEM001255,ORD00819,PROD0332,6,29522.5,16.27
ITEM001256,ORD00418,PROD0291,8,28429.74,40.39
ITEM001257,ORD00823,PROD0189,3,38595.16,45.63
ITEM001258,ORD00007,PROD0204,1,46106.56,39.3
ITEM001259,ORD00074,PROD0249,3,40144.7,81.5
ITEM001260,ORD00623,PROD0470,7,36196.88,37.89
ITEM001261,ORD00211,PROD0409,4,24543.66,71.99
ITEM001262,ORD00421,PROD0121,3,28690.28,96.5
ITEM001263,ORD00067,PROD0450,4,37312.35,70.12
ITEM001264,ORD00513,PROD0230,7,49219.58,5.88
ITEM001265,ORD00629,PROD0003,7,46714.7,19.04
ITEM001266,ORD00075,PROD0140,8,17212.27,68.19
ITEM001267,ORD00427,PROD0158,2,45288.62,46.97
ITEM001268,ORD00553,PROD0200,5,1521.19,33.58
ITEM001269,ORD00736,PROD0097,1,37226.97,67.18
ITEM001270,ORD00265,PROD0200,3,19901.06,66.84
ITEM001271,ORD00740,PROD0168,6,49013.44,61.39
ITEM001272,ORD00930,PROD0318,1,43799.71,87.79
ITEM001273,ORD00060,PROD0294,9,16028.64,5.79
ITEM001274,ORD00867,PROD0497,6,14892.97,31.09
ITEM001275,ORD00821,PROD0183,10,31335.78,17.36
ITEM001276,ORD00647,PROD0495,1,21314.17,59.34
ITEM001277,ORD00116,PROD0127,4,17684.59,63.3
ITEM001278,ORD00682,PROD0038,7,40644.37,62.02
ITEM001279,ORD00709,PROD0213,8,36655.19,72.37
ITEM001280,ORD00207,PROD0471,9,46182.94,83.7
ITEM001281,ORD00985,PROD0249,8,42683.15,87.56
ITEM001282,ORD00228,PROD0060,3,39675.43,18.09
ITEM001283,ORD00136,PROD0349,4,35060.96,93.68
ITEM001284,ORD00416,PROD0105,1,7578.85,81.41
ITEM001285,ORD00511,PROD0278,5,3804.2,64.14
ITEM001286,ORD00367,PROD0179,5,4374.1,39.18
ITEM001287,ORD00135,PROD0346,4,23353.59,51.46
ITEM001288,ORD00952,PROD0302,5,4225.39,68.71
ITEM001289,ORD00515,PROD0300,4,27842.07,12.98
ITEM001290,ORD00011,PROD0117,5,37814.77,62.66
ITEM001291,ORD00174,PROD0299,7,36306.47,56.82
ITEM001292,ORD00813,PROD0358,4,13854.92,79.2
ITEM001293,ORD00477,PROD0253,7,7392.23,88.4
ITEM001294,ORD00177,PROD0240,8,40385.05,42.06
ITEM001295,ORD00007,PROD0171,7,44239.89,97.55
ITEM001296,ORD00236,PROD0147,7,35084.19,83.8
ITEM001297,ORD00161,PROD0363,10,30094.14,10.44
ITEM001298,ORD00869,PROD0150,10,27404.96,13.76
ITEM001299,ORD00301,PROD0453,6,20473.87,3.88
ITEM001300,ORD00576,PROD0092,9,42164.66,75.34
ITEM001301,ORD00661,PROD0156,6,40330.96,5.74
ITEM001302,ORD00575,PROD0020,4,16802.04,18.2
ITEM001303,ORD00471,PROD0382,10,8748.37,4.79
ITEM001304,ORD00719,PROD0420,10,47317.27,40.39
ITEM001305,ORD00983,PROD0045,1,25800.21,94.93
ITEM001306,ORD00194,PROD0217,7,46055.87,87.56
ITEM001307,ORD00428,PROD0120,10,522.0,86.08
ITEM001308,ORD00569,PROD0149,3,21520.94,15.53
ITEM001309,ORD00221,PROD0246,8,11035.57,29.48
ITEM001310,ORD00261,PROD0371,7,11604.18,75.35
ITEM001311,ORD00696,PROD0277,4,17071.7,41.96
ITEM001312,ORD00723,PROD0446,1,39924.83,62.52
ITEM001313,ORD00930,PROD0378,5,33103.85,50.35
ITEM001314,ORD00595,PROD0318,9,28412.58,68.63
ITEM001315,ORD00888,PROD0465,4,11027.28,4.6
ITEM001316,ORD00206,PROD0274,8,1200.68,91.14
ITEM001317,ORD00454,PROD0023,5,49779.21,57.84
ITEM001318,ORD00258,PROD0180,5,12501.53,28.47
ITEM001319,ORD00613,PROD0286,7,890.7,17.55
ITEM001320,ORD00215,PROD0128,8,6560.17,83.06
ITEM001321,ORD00498,PROD0293,2,9276.34,86.88
ITEM001322,ORD00179,PROD0190,2,25534.65,16.55
ITEM001323,ORD00338,PROD0367,4,49029.59,81.86
ITEM001324,ORD00838,PROD0127,9,12730.24,62.29
ITEM001325,ORD00726,PROD0132,5,10317.67,14.79
ITEM001326,ORD00979,PROD0220,8,41040.18,4.02
ITEM001327,ORD00137,PROD0310,10,28013.12,5.49
ITEM001328,ORD00903,PROD0209,2,6503.54,82.0
ITEM001329,ORD00532,PROD0463,9,12343.56,55.6
ITEM001330,ORD00358,PROD0401,2,29936.77,76.53
ITEM001331,ORD00798,PROD0164,7,26467.72,97.32
ITEM001332,ORD00604,PROD0311,2,23578.07,30.18
ITEM001333,ORD00457,PROD0116,5,22051.95,18.34
ITEM001334,ORD00975,PROD0449,8,10936.72,34.98
ITEM001335,ORD00654,PROD0011,5,16560.71,34.2
ITEM001336,ORD00986,PROD0202,5,31865.79,8.39
ITEM001337,ORD00072,PROD0420,6,33619.8,33.23
ITEM001338,ORD00783,PROD0306,3,38505.76,38.79
ITEM001339,ORD00786,PROD0254,1,40927.18,21.3
ITEM001340,ORD00456,PROD0116,2,10290.48,19.33
ITEM001341,ORD00009,PROD0117,5,41027.0,81.13
ITEM001342,ORD00078,PROD0148,10,37263.86,98.86
ITEM001343,ORD00445,PROD0161,3,6743.66,96.29
ITEM001344,ORD00983,PROD0289,4,6758.46,54.42
ITEM001345,ORD00140,PROD0117,5,49267.65,42.66
ITEM001346,ORD00479,PROD0245,10,39068.26,39.8
ITEM001347,ORD00908,PROD0120,1,49346.74,0.82
ITEM001348,ORD00167,PROD0405,10,33907.98,34.9
ITEM001349,ORD00653,PROD0303,8,38802.06,7.26
ITEM001350,ORD00360,PROD0305,9,8680.14,52.59
ITEM001351,ORD00697,PROD0285,7,8172.89,87.97
ITEM001352,ORD00276,PROD0229,4,44209.42,83.89
ITEM001353,ORD00574,PROD0385,4,17246.48,96.1
ITEM001354,ORD00965,PROD0413,9,17193.24,2.04
ITEM001355,ORD00456,PROD0122,5,10276.46,12.56
ITEM001356,ORD00856,PROD0223,2,27747.37,84.38
ITEM001357,ORD00441,PROD0026,5,6639.65,53.67
ITEM001358,ORD00062,PROD0032,8,11553.48,44.8
ITEM001359,ORD00608,PROD0500,5,6901.02,75.4
ITEM001360,ORD00394,PROD0329,7,499.35,14.91
ITEM001361,ORD00185,PROD0052,5,26128.29,81.49
ITEM001362,ORD00941,PROD0196,2,39877.39,60.33
ITEM001363,ORD00118,PROD0073,9,30645.49,45.02
ITEM001364,ORD00363,PROD0002,5,24987.42,80.24
ITEM001365,ORD00598,PROD0406,5,38303.9,72.4
ITEM001366,ORD00328,PROD0280,9,17017.22,43.38
ITEM001367,ORD00669,PROD0322,6,35166.62,4.97
ITEM001368,ORD00229,PROD0392,7,28820.93,83.6
ITEM001369,ORD00786,PROD0094,10,40434.03,86.04
ITEM001370,ORD00578,PROD0053,7,23111.77,34.31
ITEM001371,ORD00586,PROD0153,8,194.66,77.14
ITEM001372,ORD00535,PROD0485,2,31968.56,50.69
ITEM001373,ORD00079,PROD0096,4,21844.36,67.12
ITEM001374,ORD00482,PROD0002,3,876.94,70.29
ITEM001375,ORD00829,PROD0451,9,44589.3,28.54
ITEM001376,ORD00477,PROD0366,8,49315.22,71.15
ITEM001377,ORD00755,PROD0339,5,40544.21,16.4
ITEM001378,ORD00631,PROD0285,4,19162.06,17.8
ITEM001379,ORD00764,PROD0053,6,12677.69,37.02
ITEM001380,ORD00889,PROD0465,1,40955.58,65.73
ITEM001381,ORD00054,PROD0452,4,5227.82,68.11
ITEM001382,ORD00718,PROD0058,3,23687.47,53.53
ITEM001383,ORD00243,PROD0107,9,38809.68,24.8
ITEM001384,ORD00814,PROD0374,2,49542.03,63.96
ITEM001385,ORD00421,PROD0367,1,42719.92,26.33
ITEM001386,ORD00753,PROD0423,8,20831.42,57.61
ITEM001387,ORD00548,PROD0246,9,44557.88,50.45
ITEM001388,ORD00584,PROD0057,8,29497.04,28.22
ITEM001389,ORD00897,PROD0233,4,44074.52,72.72
ITEM001390,ORD00458,PROD0120,8,30506.83,48.34
ITEM001391,ORD00169,PROD0383,3,1178.01,7.15
ITEM001392,ORD00400,PROD0185,10,41259.81,16.61
ITEM001393,ORD00110,PROD0128,4,49648.0,49.45
ITEM001394,ORD00009,PROD0315,5,41413.86,65.13
ITEM001395,ORD00446,PROD0222,5,42165.91,68.04
ITEM001396,ORD00560,PROD0284,6,24477.71,31.8
ITEM001397,ORD00377,PROD0292,8,48260.17,71.92
ITEM001398,ORD00495,PROD0491,5,29552.71,62.55
ITEM001399,ORD00628,PROD0461,4,37452.19,23.9
ITEM001400,ORD00765,PROD0266,6,44276.46,30.81
ITEM001401,ORD00415,PROD0368,2,12633.97,19.39
ITEM001402,ORD00820,PROD0365,5,16569.0,58.88
ITEM001403,ORD00489,PROD0269,6,39334.98,89.36
ITEM001404,ORD00474,PROD0459,4,341.0,10.58
ITEM001405,ORD00904,PROD0393,10,23658.38,84.92
ITEM001406,ORD00277,PROD0087,3,42976.26,29.68
ITEM001407,ORD00873,PROD0498,7,35373.38,16.29
ITEM001408,ORD00721,PROD0286,3,44627.02,68.94
ITEM001409,ORD00332,PROD0500,1,34935.71,45.18
ITEM001410,ORD00004,PROD0481,10,36821.78,92.42
ITEM001411,ORD00954,PROD0425,6,43949.81,12.85
ITEM001412,ORD00299,PROD0488,2,18741.14,66.5
ITEM001413,ORD00418,PROD0272,3,44198.49,19.13
ITEM001414,ORD00581,PROD0409,8,23648.43,54.95
ITEM001415,ORD00614,PROD0451,2,12000.13,74.38
ITEM001416,ORD00851,PROD0337,4,10146.44,52.6
ITEM001417,ORD00625,PROD0018,9,47067.22,35.44
ITEM001418,ORD00493,PROD0038,2,38832.48,6.46
ITEM001419,ORD00966,PROD0167,7,40781.57,71.72
ITEM001420,ORD00172,PROD0267,9,7148.47,45.23
ITEM001421,ORD00176,PROD0038,1,49299.94,64.4
ITEM001422,ORD00410,PROD0076,1,22100.25,94.78
ITEM001423,ORD00138,PROD0022,5,34049.28,71.79
ITEM001424,ORD00633,PROD0043,1,10660.27,0.97
ITEM001425,ORD00527,PROD0205,2,35528.35,28.06
ITEM001426,ORD00236,PROD0297,2,19093.17,28.26
ITEM001427,ORD00953,PROD0021,2,4204.74,25.44
ITEM001428,ORD00791,PROD0400,1,23867.08,54.96
ITEM001429,ORD00008,PROD0315,3,22470.86,54.41
ITEM001430,ORD00474,PROD0495,1,48407.54,65.03
ITEM001431,ORD00412,PROD0450,10,29311.99,41.57
ITEM001432,ORD00133,PROD0114,1,32193.23,88.33
ITEM001433,ORD00503,PROD0159,5,46197.63,37.82
ITEM001434,ORD00777,PROD0021,1,42296.34,25.43
ITEM001435,ORD00696,PROD0010,4,2980.35,57.24
ITEM001436,ORD00223,PROD0288,10,33713.35,42.96
ITEM001437,ORD00831,PROD0203,9,31951.71,80.07
ITEM001438,ORD00248,PROD0024,7,3626.13,14.23
ITEM001439,ORD00315,PROD0343,8,31847.43,7.77
ITEM001440,ORD00225,PROD0103,1,37128.86,24.81
ITEM001441,ORD00864,PROD0349,6,20764.99,87.68
ITEM001442,ORD00359,PROD0484,7,14872.62,38.36
ITEM001443,ORD00022,PROD0141,3,5015.97,7.74
ITEM001444,ORD00909,PROD0084,10,21884.09,0.57
ITEM001445,ORD00147,PROD0360,2,44362.81,18.8
ITEM001446,ORD00524,PROD0432,5,43816.21,94.12
ITEM001447,ORD00731,PROD0265,2,37790.09,16.21
ITEM001448,ORD00910,PROD0381,7,26121.63,16.49
ITEM001449,ORD00814,PROD0230,3,2623.19,97.59
ITEM001450,ORD00847,PROD0406,8,2032.85,46.08
ITEM001451,ORD00968,PROD0032,4,24221.14,20.21
ITEM001452,ORD00038,PROD0497,4,4511.91,80.19
ITEM001453,ORD00703,PROD0309,9,33341.5,62.93
ITEM001454,ORD00575,PROD0028,1,33804.82,23.59
ITEM001455,ORD00237,PROD0224,7,45256.61,71.88
ITEM001456,ORD00530,PROD0273,10,21970.74,26.65
ITEM001457,ORD00108,PROD0043,5,40426.98,65.03
ITEM001458,ORD00619,PROD0295,5,26551.23,88.56
ITEM001459,ORD00437,PROD0495,8,8181.89,46.26
ITEM001460,ORD00412,PROD0254,5,30717.64,10.91
ITEM001461,ORD00575,PROD0093,10,3130.86,56.48
ITEM001462,ORD00885,PROD0162,7,23750.94,55.25
ITEM001463,ORD00490,PROD0441,8,48321.77,39.68
ITEM001464,ORD00951,PROD0133,9,49727.11,7.2
ITEM001465,ORD00350,PROD0199,1,44496.56,35.44
ITEM001466,ORD00488,PROD0131,6,23149.41,44.39
ITEM001467,ORD00540,PROD0174,2,42020.51,80.94
ITEM001468,ORD00144,PROD0369,3,6922.28,54.84
ITEM001469,ORD00674,PROD0021,5,48657.17,33.09
ITEM001470,ORD00062,PROD0182,1,11766.33,6.12
ITEM001471,ORD00319,PROD0001,2,20444.75,61.33
ITEM001472,ORD00616,PROD0246,3,46187.27,77.77
ITEM001473,ORD00084,PROD0208,7,2411.55,41.69
ITEM001474,ORD00643,PROD0485,4,5617.72,67.27
ITEM001475,ORD00818,PROD0495,5,28553.78,6.11
ITEM001476,ORD00627,PROD0047,9,20476.71,78.93
ITEM001477,ORD00055,PROD0251,9,18018.96,37.09
ITEM001478,ORD00083,PROD0308,4,24616.77,59.79
ITEM001479,ORD00813,PROD0215,2,218.32,98.68
ITEM001480,ORD00796,PROD0291,6,46710.22,72.09
ITEM001481,ORD00903,PROD0183,2,17628.77,68.61
ITEM001482,ORD00927,PROD0324,2,12414.34,66.07
ITEM001483,ORD00315,PROD0001,7,13175.61,80.86
ITEM001484,ORD00872,PROD0116,6,33223.48,96.49
ITEM001485,ORD00662,PROD0148,1,49102.71,41.58
ITEM001486,ORD00665,PROD0297,9,35826.15,15.59
ITEM001487,ORD00451,PROD0198,5,46912.18,37.44
ITEM001488,ORD00267,PROD0246,7,18640.61,14.69
ITEM001489,ORD00651,PROD0131,2,9702.3,14.73
ITEM001490,ORD00751,PROD0344,5,12176.22,51.25
ITEM001491,ORD00012,PROD0368,5,4382.36,53.45
ITEM001492,ORD00409,PROD0313,6,15443.67,47.38
ITEM001493,ORD00588,PROD0443,2,5793.95,61.17
ITEM001494,ORD00180,PROD0035,5,14877.57,65.92
ITEM001495,ORD00900,PROD0392,7,12363.08,70.45
ITEM001496,ORD00581,PROD0064,6,11951.95,39.55
ITEM001497,ORD00507,PROD0382,8,41794.5,75.08
ITEM001498,ORD00112,PROD0455,2,20884.44,46.72
ITEM001499,ORD00506,PROD0393,8,37762.95,96.78
ITEM001500,ORD00765,PROD0156,9,14473.14,82.08
ITEM001501,ORD00178,PROD0199,6,2186.96,78.37
ITEM001502,ORD00703,PROD0074,1,11315.2,50.83
ITEM001503,ORD00648,PROD0093,6,35481.15,85.36
ITEM001504,ORD00624,PROD0001,8,49043.32,53.25
ITEM001505,ORD00165,PROD0279,6,18005.68,48.64
ITEM001506,ORD00553,PROD0333,1,11699.67,71.71
ITEM001507,ORD00079,PROD0249,6,17795.56,61.52
ITEM001508,ORD00214,PROD0270,2,20359.29,0.1
ITEM001509,ORD00065,PROD0319,4,49800.06,33.93
ITEM001510,ORD00397,PROD0147,4,43159.2,89.48
ITEM001511,ORD00495,PROD0418,1,29621.31,74.07
ITEM001512,ORD00955,PROD0188,5,16034.69,81.46
ITEM001513,ORD00691,PROD0019,3,4021.63,67.59
ITEM001514,ORD00621,PROD0047,10,39072.4,87.08
ITEM001515,ORD00089,PROD0463,5,40701.83,65.66
ITEM001516,ORD00507,PROD0468,1,23590.43,79.58
ITEM001517,ORD00069,PROD0236,6,593.79,11.84
ITEM001518,ORD00095,PROD0177,2,49644.51,42.74
ITEM001519,ORD00103,PROD0393,7,45351.16,29.46
ITEM001520,ORD00476,PROD0210,10,12963.74,56.34
ITEM001521,ORD00685,PROD0464,3,23112.36,21.41
ITEM001522,ORD00127,PROD0072,9,28925.32,35.62
ITEM001523,ORD00442,PROD0028,9,46313.28,56.3
ITEM001524,ORD00226,PROD0411,7,36596.16,67.66
ITEM001525,ORD00734,PROD0165,2,4285.9,63.0
ITEM001526,ORD00812,PROD0317,5,20134.17,25.38
ITEM001527,ORD00173,PROD0192,5,12959.95,72.07
ITEM001528,ORD00368,PROD0306,3,48056.35,2.36
ITEM001529,ORD00917,PROD0088,4,43319.52,40.14
ITEM001530,ORD00677,PROD0152,6,653.85,19.24
ITEM001531,ORD00617,PROD0262,6,46913.0,44.41
ITEM001532,ORD00318,PROD0358,9,4922.35,96.93
ITEM001533,ORD00751,PROD0293,7,8686.77,58.28
ITEM001534,ORD00073,PROD0103,9,21171.38,99.07
ITEM001535,ORD00809,PROD0293,4,25487.31,44.57
ITEM001536,ORD00853,PROD0044,4,25862.89,63.45
ITEM001537,ORD00106,PROD0059,7,24472.07,71.08
ITEM001538,ORD00126,PROD0292,4,29763.58,55.29
ITEM001539,ORD00031,PROD0193,7,34323.75,79.12
ITEM001540,ORD00967,PROD0454,1,34939.09,45.83
ITEM001541,ORD00133,PROD0478,9,2852.86,31.17
ITEM001542,ORD00378,PROD0017,2,35748.19,95.12
ITEM001543,ORD00363,PROD0139,7,37699.97,78.58
ITEM001544,ORD00665,PROD0389,5,34645.5,91.09
ITEM001545,ORD00427,PROD0123,7,34335.49,3.87
ITEM001546,ORD00091,PROD0227,8,43175.26,39.6
ITEM001547,ORD00783,PROD0077,10,27085.57,48.24
ITEM001548,ORD00179,PROD0219,7,29209.46,57.38
ITEM001549,ORD00902,PROD0265,7,37925.08,12.42
ITEM001550,ORD00583,PROD0346,6,16639.96,53.1
ITEM001551,ORD00416,PROD0375,2,47680.71,44.85
ITEM001552,ORD00158,PROD0263,1,2559.27,22.09
ITEM001553,ORD00094,PROD0474,6,29242.44,25.18
ITEM001554,ORD00036,PROD0346,7,26693.79,88.85
ITEM001555,ORD00487,PROD0110,9,3154.87,99.34
ITEM001556,ORD00060,PROD0123,5,12649.99,81.91
ITEM001557,ORD00543,PROD0065,2,25902.92,65.19
ITEM001558,ORD00403,PROD0376,6,35388.42,46.14
ITEM001559,ORD00328,PROD0164,5,23189.37,60.2
ITEM001560,ORD00093,PROD0076,6,8407.62,37.02
ITEM001561,ORD00686,PROD0013,3,38886.16,75.47
ITEM001562,ORD00696,PROD0252,4,3268.09,80.42
ITEM001563,ORD00002,PROD0104,10,28775.67,98.28
ITEM001564,ORD00875,PROD0281,3,20921.17,62.04
ITEM001565,ORD00228,PROD0159,8,11824.66,40.61
ITEM001566,ORD00951,PROD0266,3,30758.25,65.65
ITEM001567,ORD00088,PROD0387,10,24204.6,62.62
ITEM001568,ORD00955,PROD0069,3,23422.54,90.99
ITEM001569,ORD00883,PROD0371,9,23428.62,38.98
ITEM001570,ORD00014,PROD0191,10,9873.48,62.33
ITEM001571,ORD00180,PROD0047,5,37318.15,77.01
ITEM001572,ORD00674,PROD0154,1,12266.45,91.36
ITEM001573,ORD00214,PROD0407,2,49088.37,12.65
ITEM001574,ORD00687,PROD0092,10,15528.9,85.09
ITEM001575,ORD00394,PROD0160,5,39641.02,54.78
ITEM001576,ORD00106,PROD0305,6,13951.05,73.37
ITEM001577,ORD00161,PROD0241,8,22111.74,34.42
ITEM001578,ORD00477,PROD0468,7,2582.07,17.46
ITEM001579,ORD00623,PROD0432,9,12764.85,59.56
ITEM001580,ORD00468,PROD0491,5,12297.8,83.57
ITEM001581,ORD00001,PROD0255,6,35561.86,20.6
ITEM001582,ORD00072,PROD0088,3,21678.84,59.27
ITEM001583,ORD00810,PROD0216,3,22229.27,3.2
ITEM001584,ORD00106,PROD0203,10,39244.92,43.16
ITEM001585,ORD00162,PROD0274,1,20621.68,47.64
ITEM001586,ORD00416,PROD0273,6,42247.24,27.72
ITEM001587,ORD00036,PROD0227,3,229.49,10.17
ITEM001588,ORD00958,PROD0410,8,5786.54,91.6
ITEM001589,ORD00885,PROD0166,2,12786.45,7.94
ITEM001590,ORD00509,PROD0253,7,30461.23,30.29
ITEM001591,ORD00225,PROD0472,10,1102.48,68.2
ITEM001592,ORD00270,PROD0444,3,14110.48,92.14
ITEM001593,ORD00812,PROD0115,3,26112.75,96.81
ITEM001594,ORD00712,PROD0269,5,32097.64,46.58
ITEM001595,ORD00646,PROD0334,3,49860.71,63.37
ITEM001596,ORD00449,PROD0298,6,30933.26,67.9
ITEM001597,ORD00964,PROD0324,4,987.03,27.6
ITEM001598,ORD00900,PROD0492,1,5803.16,75.09
ITEM001599,ORD00953,PROD0425,1,2056.78,9.67
ITEM001600,ORD00626,PROD0279,5,48252.47,76.05
ITEM001601,ORD00915,PROD0170,2,9801.69,3.53
ITEM001602,ORD00275,PROD0066,8,6180.39,97.26
ITEM001603,ORD00680,PROD0466,5,33591.34,33.76
ITEM001604,ORD00084,PROD0001,5,18442.56,65.52
ITEM001605,ORD00219,PROD0467,4,19010.32,84.8
ITEM001606,ORD00817,PROD0126,10,11452.49,85.85
ITEM001607,ORD00072,PROD0362,2,38416.47,48.17
ITEM001608,ORD00425,PROD0206,10,34699.86,91.36
ITEM001609,ORD00549,PROD0090,5,7131.72,68.32
ITEM001610,ORD00168,PROD0132,9,47668.94,12.41
ITEM001611,ORD00752,PROD0218,4,30631.49,46.63
ITEM001612,ORD00587,PROD0024,3,7528.83,98.16
ITEM001613,ORD00806,PROD0252,6,12008.22,99.87
ITEM001614,ORD00851,PROD0208,3,40820.61,49.75
ITEM001615,ORD00778,PROD0500,6,46265.97,57.3
ITEM001616,ORD00246,PROD0469,9,15565.47,24.36
ITEM001617,ORD00443,PROD0154,3,35544.13,7.62
ITEM001618,ORD00725,PROD0016,10,8790.64,26.29
ITEM001619,ORD00783,PROD0447,2,49733.72,45.76
ITEM001620,ORD00513,PROD0237,5,21346.09,71.54
ITEM001621,ORD00185,PROD0238,3,41702.44,84.91
ITEM001622,ORD00059,PROD0498,6,24073.07,16.45
ITEM001623,ORD00983,PROD0262,1,2764.69,51.36
ITEM001624,ORD00735,PROD0478,2,45665.8,0.9
ITEM001625,ORD00803,PROD0066,5,15092.1,66.0
ITEM001626,ORD00341,PROD0363,7,40885.83,99.25
ITEM001627,ORD00094,PROD0215,2,45074.0,58.79
ITEM001628,ORD00259,PROD0341,2,6767.1,31.21
ITEM001629,ORD00192,PROD0443,1,25826.38,38.68
ITEM001630,ORD00074,PROD0124,5,44524.95,75.24
ITEM001631,ORD00211,PROD0108,8,40160.89,64.53
ITEM001632,ORD00243,PROD0002,9,31579.71,57.57
ITEM001633,ORD00845,PROD0486,4,43384.4,48.03
ITEM001634,ORD00458,PROD0064,7,35350.84,95.83
ITEM001635,ORD00900,PROD0436,10,42249.67,95.7
ITEM001636,ORD00797,PROD0342,6,25370.17,64.04
ITEM001637,ORD00569,PROD0397,4,35534.7,94.06
ITEM001638,ORD00590,PROD0164,2,29978.36,71.39
ITEM001639,ORD00816,PROD0476,4,33922.17,49.89
ITEM001640,ORD00851,PROD0095,6,43661.32,5.22
ITEM001641,ORD00384,PROD0006,7,3213.52,73.46
ITEM001642,ORD00131,PROD0055,2,31874.69,68.55
ITEM001643,ORD00177,PROD0298,6,21933.65,39.88
ITEM001644,ORD00740,PROD0083,6,15571.28,25.03
ITEM001645,ORD00267,PROD0385,1,28043.4,51.25
ITEM001646,ORD00334,PROD0400,8,11290.94,44.29
ITEM001647,ORD00121,PROD0465,5,31407.22,14.99
ITEM001648,ORD00024,PROD0341,9,1360.35,43.17
ITEM001649,ORD00166,PROD0357,2,23424.04,76.5
ITEM001650,ORD00783,PROD0102,3,7169.74,41.62
ITEM001651,ORD00996,PROD0123,10,46303.51,98.08
ITEM001652,ORD00544,PROD0424,5,9818.63,68.1
ITEM001653,ORD00672,PROD0178,1,18768.99,7.28
ITEM001654,ORD00544,PROD0373,1,44415.0,63.58
ITEM001655,ORD00054,PROD0384,3,40091.92,43.44
ITEM001656,ORD00419,PROD0449,9,8104.04,73.85
ITEM001657,ORD00052,PROD0086,7,38554.51,8.06
ITEM001658,ORD00367,PROD0461,4,45824.65,21.66
ITEM001659,ORD00947,PROD0431,7,25656.14,22.51
ITEM001660,ORD00414,PROD0491,4,6297.15,60.73
ITEM001661,ORD00099,PROD0411,8,44309.28,74.26
ITEM001662,ORD00582,PROD0203,4,5138.63,98.91
ITEM001663,ORD00087,PROD0225,8,4416.92,49.81
ITEM001664,ORD00186,PROD0122,7,23553.12,51.71
ITEM001665,ORD00255,PROD0368,7,43615.12,99.1
ITEM001666,ORD00949,PROD0168,5,20809.42,64.71
ITEM001667,ORD00011,PROD0318,10,1384.92,93.94
ITEM001668,ORD00136,PROD0326,9,46175.6,62.9
ITEM001669,ORD00715,PROD0099,4,40177.13,4.07
ITEM001670,ORD00951,PROD0419,6,44289.53,18.28
ITEM001671,ORD00973,PROD0201,9,29574.87,21.38
ITEM001672,ORD00067,PROD0354,7,47961.59,38.64
ITEM001673,ORD00393,PROD0397,3,37792.95,49.4
ITEM001674,ORD00092,PROD0189,8,10945.12,97.63
ITEM001675,ORD00389,PROD0316,7,37391.69,83.76
ITEM001676,ORD00940,PROD0303,8,20111.67,34.91
ITEM001677,ORD00095,PROD0352,9,28000.6,24.27
ITEM001678,ORD00629,PROD0032,3,44268.77,18.94
ITEM001679,ORD00790,PROD0242,2,20969.21,36.06
ITEM001680,ORD00553,PROD0374,2,35569.25,49.83
ITEM001681,ORD00326,PROD0453,3,12825.71,14.74
ITEM001682,ORD00871,PROD0210,6,35436.72,64.02
ITEM001683,ORD00304,PROD0486,7,42070.74,33.14
ITEM001684,ORD00072,PROD0344,5,36868.67,73.94
ITEM001685,ORD00399,PROD0249,7,11264.64,71.2
ITEM001686,ORD00217,PROD0080,5,49280.71,27.19
ITEM001687,ORD00574,PROD0386,3,28789.27,37.77
ITEM001688,ORD00117,PROD0274,7,40453.49,29.99
ITEM001689,ORD00816,PROD0440,4,20052.97,75.68
ITEM001690,ORD00425,PROD0101,8,7457.33,32.7
ITEM001691,ORD00229,PROD0022,1,8549.39,76.04
ITEM001692,ORD00133,PROD0404,2,40658.99,63.12
ITEM001693,ORD00671,PROD0493,9,4394.4,83.53
ITEM001694,ORD00595,PROD0326,6,1083.46,65.58
ITEM001695,ORD00726,PROD0444,2,18904.23,7.65
ITEM001696,ORD00743,PROD0249,10,44904.08,54.0
ITEM001697,ORD00321,PROD0438,9,39661.07,79.48
ITEM001698,ORD00801,PROD0268,6,40584.66,89.14
ITEM001699,ORD00584,PROD0338,4,21474.02,89.14
ITEM001700,ORD00368,PROD0349,2,49230.73,86.15
ITEM001701,ORD00738,PROD0065,10,43296.22,72.37
ITEM001702,ORD00066,PROD0278,5,32104.34,62.72
ITEM001703,ORD00909,PROD0220,4,18319.31,65.71
ITEM001704,ORD00320,PROD0304,10,3806.16,69.65
ITEM001705,ORD00728,PROD0362,5,3255.03,47.17
ITEM001706,ORD00713,PROD0428,7,4535.06,36.64
ITEM001707,ORD00895,PROD0079,3,41336.43,50.32
ITEM001708,ORD00476,PROD0089,3,27998.91,74.45
ITEM001709,ORD00722,PROD0034,9,21619.19,85.86
ITEM001710,ORD00560,PROD0070,3,38096.8,74.39
ITEM001711,ORD00411,PROD0238,6,20882.77,13.06
ITEM001712,ORD00527,PROD0309,1,49497.49,43.75
ITEM001713,ORD00588,PROD0271,6,25124.84,35.37
ITEM001714,ORD00803,PROD0291,1,402.72,20.27
ITEM001715,ORD00444,PROD0196,8,47958.66,21.27
ITEM001716,ORD00309,PROD0311,3,4940.67,24.33
ITEM001717,ORD00242,PROD0180,9,41382.57,66.22
ITEM001718,ORD00686,PROD0413,9,33700.32,72.61
ITEM001719,ORD00516,PROD0449,10,47279.75,23.38
ITEM001720,ORD00648,PROD0317,2,44312.48,9.09
ITEM001721,ORD00246,PROD0196,10,39661.63,60.01
ITEM001722,ORD00819,PROD0239,10,5188.81,64.53
ITEM001723,ORD00759,PROD0004,8,18514.43,79.65
ITEM001724,ORD00109,PROD0293,9,41373.5,2.85
ITEM001725,ORD00368,PROD0060,1,48659.25,25.38
ITEM001726,ORD00662,PROD0352,2,11593.4,94.15
ITEM001727,ORD00466,PROD0387,5,34762.92,46.6
ITEM001728,ORD00650,PROD0172,9,33651.7,80.19
ITEM001729,ORD00855,PROD0148,9,24765.99,30.09
ITEM001730,ORD00883,PROD0081,10,4306.37,7.66
ITEM001731,ORD00618,PROD0090,1,39870.86,66.37
ITEM001732,ORD00230,PROD0185,4,26176.33,40.56
ITEM001733,ORD00161,PROD0407,7,39978.07,89.02
ITEM001734,ORD00484,PROD0305,8,204.54,73.97
ITEM001735,ORD00231,PROD0426,3,34363.0,54.39
ITEM001736,ORD00177,PROD0133,8,21755.57,35.68
ITEM001737,ORD00169,PROD0438,2,15872.54,69.98
ITEM001738,ORD00852,PROD0016,2,34386.19,97.3
ITEM001739,ORD00147,PROD0215,10,29572.77,8.74
ITEM001740,ORD00430,PROD0424,3,42239.42,69.92
ITEM001741,ORD00652,PROD0454,1,7152.45,77.24
ITEM001742,ORD00999,PROD0334,5,46486.59,45.44
ITEM001743,ORD00130,PROD0416,5,37675.31,3.62
ITEM001744,ORD00607,PROD0352,6,28483.14,58.88
ITEM001745,ORD00696,PROD0324,2,30585.27,15.64
ITEM001746,ORD00675,PROD0056,2,5718.02,66.09
ITEM001747,ORD00358,PROD0233,3,47774.56,18.41
ITEM001748,ORD00695,PROD0436,1,3456.69,9.32
ITEM001749,ORD00017,PROD0407,10,33749.67,67.92
ITEM001750,ORD00728,PROD0149,2,7598.3,19.83
ITEM001751,ORD00944,PROD0349,2,6365.82,75.82
ITEM001752,ORD00215,PROD0221,1,27229.26,69.12
ITEM001753,ORD00240,PROD0442,5,2970.94,48.05
ITEM001754,ORD00200,PROD0485,2,35434.07,20.84
ITEM001755,ORD00251,PROD0069,9,12535.27,30.11
ITEM001756,ORD00829,PROD0208,5,14260.38,91.1
ITEM001757,ORD00395,PROD0082,2,9654.38,82.79
ITEM001758,ORD00617,PROD0292,6,47484.88,29.29
ITEM001759,ORD00976,PROD0157,10,25508.69,5.85
ITEM001760,ORD00091,PROD0011,4,37680.25,28.74
ITEM001761,ORD00951,PROD0117,5,41560.83,70.16
ITEM001762,ORD00511,PROD0198,6,34595.55,37.91
ITEM001763,ORD00522,PROD0177,8,7795.73,41.54
ITEM001764,ORD00662,PROD0146,4,11466.12,80.23
ITEM001765,ORD00988,PROD0487,8,36628.96,23.17
ITEM001766,ORD00657,PROD0229,2,48268.85,28.17
ITEM001767,ORD00551,PROD0282,8,49090.77,88.46
ITEM001768,ORD00039,PROD0032,8,24676.92,39.16
ITEM001769,ORD00159,PROD0003,5,12621.68,3.34
ITEM001770,ORD00979,PROD0438,8,30000.64,16.37
ITEM001771,ORD00802,PROD0282,3,778.24,73.28
ITEM001772,ORD00696,PROD0413,2,44553.46,16.77
ITEM001773,ORD00333,PROD0278,4,36437.57,75.47
ITEM001774,ORD00929,PROD0250,2,6647.51,34.47
ITEM001775,ORD00572,PROD0228,10,42231.85,81.36
ITEM001776,ORD00466,PROD0261,7,46396.12,13.03
ITEM001777,ORD00941,PROD0387,2,28762.34,14.84
ITEM001778,ORD00606,PROD0026,8,8431.5,69.63
ITEM001779,ORD00551,PROD0329,10,31471.59,55.44
ITEM001780,ORD00074,PROD0160,7,2936.09,69.34
ITEM001781,ORD00604,PROD0193,9,6972.96,94.45
ITEM001782,ORD00303,PROD0382,10,8139.66,87.06
ITEM001783,ORD00962,PROD0495,2,26509.76,45.24
ITEM001784,ORD00375,PROD0149,6,32577.63,87.96
ITEM001785,ORD00089,PROD0061,4,30025.59,90.84
ITEM001786,ORD00498,PROD0051,1,4110.48,81.06
ITEM001787,ORD00270,PROD0067,4,8349.94,72.85
ITEM001788,ORD00188,PROD0058,1,25470.38,21.25
ITEM001789,ORD00846,PROD0029,8,29163.26,82.48
ITEM001790,ORD00428,PROD0121,9,33847.66,28.84
ITEM001791,ORD00235,PROD0376,6,32726.7,99.07
ITEM001792,ORD00645,PROD0363,6,2694.24,6.72
ITEM001793,ORD00565,PROD0488,8,46859.89,57.33
ITEM001794,ORD00499,PROD0105,10,6611.04,21.54
ITEM001795,ORD00209,PROD0202,10,30600.74,32.31
ITEM001796,ORD00494,PROD0068,5,30315.63,95.64
ITEM001797,ORD00687,PROD0117,6,44366.93,38.41
ITEM001798,ORD00884,PROD0363,9,46692.16,11.99
ITEM001799,ORD00647,PROD0006,8,43861.13,43.74
ITEM001800,ORD00256,PROD0125,5,16216.59,41.5
ITEM001801,ORD00815,PROD0123,10,42970.48,80.71
ITEM001802,ORD00781,PROD0151,10,18030.15,56.21
ITEM001803,ORD00268,PROD0099,9,14448.11,41.32
ITEM001804,ORD00906,PROD0365,8,11280.11,72.32
ITEM001805,ORD00264,PROD0277,1,10430.57,95.39
ITEM001806,ORD00094,PROD0019,5,25856.07,59.16
ITEM001807,ORD00744,PROD0255,10,33152.15,55.38
ITEM001808,ORD00097,PROD0137,3,47891.69,61.58
ITEM001809,ORD00064,PROD0307,2,47827.55,73.8
ITEM001810,ORD00816,PROD0362,6,49498.97,67.64
ITEM001811,ORD00399,PROD0456,6,20517.1,77.56
ITEM001812,ORD00482,PROD0079,10,40036.71,68.09
ITEM001813,ORD00180,PROD0177,1,36127.32,23.29
ITEM001814,ORD00064,PROD0359,6,29650.17,5.98
ITEM001815,ORD00349,PROD0237,7,39831.44,75.34
ITEM001816,ORD00417,PROD0341,1,20798.93,96.15
ITEM001817,ORD00952,PROD0215,1,40003.21,26.37
ITEM001818,ORD00986,PROD0487,8,15084.36,76.32
ITEM001819,ORD00607,PROD0149,9,34160.7,59.49
ITEM001820,ORD00170,PROD0033,10,28693.41,20.2
ITEM001821,ORD00744,PROD0473,1,29128.47,61.39
ITEM001822,ORD00135,PROD0461,7,28607.37,99.58
ITEM001823,ORD00239,PROD0420,4,24015.76,11.28
ITEM001824,ORD00210,PROD0054,9,11676.4,44.45
ITEM001825,ORD00269,PROD0413,2,18546.13,92.45
ITEM001826,ORD00975,PROD0210,4,4608.17,74.89
ITEM001827,ORD00102,PROD0306,2,34857.03,84.84
ITEM001828,ORD00809,PROD0071,9,45759.28,41.69
ITEM001829,ORD00121,PROD0007,5,6528.32,88.99
ITEM001830,ORD00172,PROD0415,8,2692.19,88.8
ITEM001831,ORD00583,PROD0037,9,25605.38,20.48
ITEM001832,ORD00631,PROD0035,6,37014.47,44.01
ITEM001833,ORD00225,PROD0443,3,40182.26,35.78
ITEM001834,ORD00722,PROD0424,2,46404.72,70.46
ITEM001835,ORD00699,PROD0012,9,26493.8,46.78
ITEM001836,ORD00729,PROD0111,1,30719.2,46.5
ITEM001837,ORD00056,PROD0312,8,30746.55,38.31
ITEM001838,ORD00511,PROD0403,4,45042.68,0.62
ITEM001839,ORD00902,PROD0085,7,15262.41,50.44
ITEM001840,ORD00856,PROD0371,1,48573.69,81.28
ITEM001841,ORD00163,PROD0189,8,23475.4,99.83
ITEM001842,ORD00655,PROD0417,9,14735.48,59.47
ITEM001843,ORD00929,PROD0489,1,36553.33,95.61
ITEM001844,ORD00952,PROD0121,6,30432.84,61.57
ITEM001845,ORD00383,PROD0164,3,8314.43,32.77
ITEM001846,ORD00629,PROD0314,2,25773.53,52.81
ITEM001847,ORD00111,PROD0285,4,20077.61,5.64
ITEM001848,ORD00693,PROD0091,8,19775.64,1.25
ITEM001849,ORD00878,PROD0138,10,26119.29,16.04
ITEM001850,ORD00505,PROD0141,7,4896.33,40.14
ITEM001851,ORD00610,PROD0215,3,3422.79,2.15
ITEM001852,ORD00329,PROD0131,5,21814.6,73.6
ITEM001853,ORD00138,PROD0071,3,41402.34,57.33
ITEM001854,ORD00887,PROD0271,3,3399.17,45.75
ITEM001855,ORD00671,PROD0043,1,2637.55,62.36
ITEM001856,ORD00581,PROD0122,8,23829.35,22.03
ITEM001857,ORD00719,PROD0171,8,32435.21,65.73
ITEM001858,ORD00398,PROD0366,3,36546.72,74.55
ITEM001859,ORD00261,PROD0116,10,6570.02,39.5
ITEM001860,ORD00461,PROD0335,3,7443.37,11.39
ITEM001861,ORD00297,PROD0140,9,18961.72,66.35
ITEM001862,ORD00904,PROD0372,1,49549.96,91.24
ITEM001863,ORD00639,PROD0236,6,13965.21,17.83
ITEM001864,ORD00132,PROD0293,6,32669.35,9.29
ITEM001865,ORD00425,PROD0377,3,44945.63,19.14
ITEM001866,ORD00374,PROD0490,2,42067.48,54.1
ITEM001867,ORD00341,PROD0067,7,33369.29,22.14
ITEM001868,ORD00705,PROD0331,7,6620.29,63.57
ITEM001869,ORD00793,PROD0337,7,6373.86,49.27
ITEM001870,ORD00009,PROD0310,10,42189.18,24.57
ITEM001871,ORD00891,PROD0445,3,19888.43,37.88
ITEM001872,ORD00106,PROD0035,7,36921.86,54.66
ITEM001873,ORD00016,PROD0006,7,24341.48,9.08
ITEM001874,ORD00758,PROD0454,7,11088.98,70.57
ITEM001875,ORD00844,PROD0011,5,1265.29,42.41
ITEM001876,ORD00699,PROD0459,2,17884.17,19.87
ITEM001877,ORD00116,PROD0238,7,43981.82,1.72
ITEM001878,ORD00060,PROD0319,9,42131.27,15.93
ITEM001879,ORD00722,PROD0100,10,12542.97,52.23
ITEM001880,ORD00933,PROD0328,1,19575.3,44.78
ITEM001881,ORD00628,PROD0293,2,11347.21,58.24
ITEM001882,ORD00170,PROD0231,2,33513.73,16.88
ITEM001883,ORD00898,PROD0335,10,45139.44,47.25
ITEM001884,ORD00923,PROD0256,10,47872.87,58.92
ITEM001885,ORD00088,PROD0145,2,35570.94,65.66
ITEM001886,ORD00462,PROD0185,3,24383.63,34.86
ITEM001887,ORD00852,PROD0303,4,8067.52,33.15
ITEM001888,ORD00940,PROD0192,5,34271.09,54.76
ITEM001889,ORD00650,PROD0171,10,26400.27,98.92
ITEM001890,ORD00409,PROD0048,2,46557.87,73.31
ITEM001891,ORD00332,PROD0317,3,39741.99,84.28
ITEM001892,ORD00936,PROD0038,8,1046.45,45.18
ITEM001893,ORD00272,PROD0427,5,18669.39,39.41
ITEM001894,ORD00374,PROD0166,9,35938.44,84.8
ITEM001895,ORD00547,PROD0199,9,38847.08,93.48
ITEM001896,ORD00975,PROD0410,6,46000.98,59.0
ITEM001897,ORD00380,PROD0321,8,33471.47,3.39
ITEM001898,ORD00757,PROD0488,3,12288.83,17.6
ITEM001899,ORD00197,PROD0049,4,32909.67,18.14
ITEM001900,ORD00373,PROD0244,10,9609.9,89.64
ITEM001901,ORD00355,PROD0499,9,3796.62,11.17
ITEM001902,ORD00641,PROD0302,9,41962.7,75.23
ITEM001903,ORD00550,PROD0021,10,10707.29,66.08
ITEM001904,ORD00936,PROD0372,3,13205.69,10.34
ITEM001905,ORD00622,PROD0477,2,32391.46,16.72
ITEM001906,ORD00458,PROD0178,1,34559.12,60.86
ITEM001907,ORD00012,PROD0024,4,41207.49,87.65
ITEM001908,ORD00789,PROD0033,1,27055.08,60.05
ITEM001909,ORD00655,PROD0161,6,23470.48,88.98
ITEM001910,ORD00395,PROD0257,7,37651.55,60.26
ITEM001911,ORD00367,PROD0040,1,2923.8,59.02
ITEM001912,ORD00416,PROD0410,6,2462.36,93.31
ITEM001913,ORD00186,PROD0264,1,41468.39,40.1
ITEM001914,ORD00543,PROD0470,8,28329.32,93.64
ITEM001915,ORD00945,PROD0245,8,20057.44,55.77
ITEM001916,ORD00501,PROD0291,5,26419.46,31.09
ITEM001917,ORD00654,PROD0011,9,48680.36,54.34
ITEM001918,ORD00402,PROD0172,1,30398.82,19.17
ITEM001919,ORD00887,PROD0005,9,15506.7,44.21
ITEM001920,ORD00478,PROD0257,9,36664.21,53.77
ITEM001921,ORD00627,PROD0065,4,15583.08,26.1
ITEM001922,ORD00003,PROD0248,4,4634.56,78.19
ITEM001923,ORD00503,PROD0109,1,28509.0,87.08
ITEM001924,ORD00896,PROD0327,5,31182.53,87.09
ITEM001925,ORD00575,PROD0324,1,17337.7,2.53
ITEM001926,ORD00417,PROD0118,8,4435.03,32.97
ITEM001927,ORD00835,PROD0331,5,15321.05,58.48
ITEM001928,ORD00671,PROD0407,10,4249.09,44.67
ITEM001929,ORD00232,PROD0062,9,43000.03,85.52
ITEM001930,ORD00933,PROD0042,2,3570.64,62.07
ITEM001931,ORD00991,PROD0050,6,33774.66,65.55
ITEM001932,ORD00818,PROD0237,1,24505.22,97.11
ITEM001933,ORD00265,PROD0126,1,6287.71,62.1
ITEM001934,ORD00374,PROD0008,2,17574.88,22.67
ITEM001935,ORD00986,PROD0059,3,18564.67,2.43
ITEM001936,ORD00182,PROD0012,1,4415.45,16.77
ITEM001937,ORD00377,PROD0302,10,1893.1,81.62
ITEM001938,ORD00268,PROD0007,2,17859.27,28.21
ITEM001939,ORD00181,PROD0495,5,22502.37,63.97
ITEM001940,ORD00247,PROD0119,1,45351.44,27.77
ITEM001941,ORD00231,PROD0389,4,29673.53,69.13
ITEM001942,ORD00941,PROD0089,6,7290.58,42.35
ITEM001943,ORD00472,PROD0228,10,46728.28,40.55
ITEM001944,ORD00138,PROD0072,4,38489.57,32.16
ITEM001945,ORD00364,PROD0465,6,22296.46,57.8
ITEM001946,ORD00823,PROD0092,9,28605.87,94.39
ITEM001947,ORD00217,PROD0185,6,49950.39,21.64
ITEM001948,ORD00439,PROD0169,9,11159.78,72.82
ITEM001949,ORD00727,PROD0356,3,23747.68,43.6
ITEM001950,ORD00046,PROD0151,4,18006.73,15.96
ITEM001951,ORD00257,PROD0094,3,17008.47,79.3
ITEM001952,ORD00062,PROD0328,7,38812.53,14.13
ITEM001953,ORD00070,PROD0181,9,42771.89,47.89
ITEM001954,ORD00282,PROD0197,7,19388.18,87.84
ITEM001955,ORD00823,PROD0292,3,47669.27,30.46
ITEM001956,ORD00311,PROD0106,9,6787.19,80.9
ITEM001957,ORD00360,PROD0144,4,30475.55,65.35
ITEM001958,ORD00443,PROD0245,4,41182.1,29.62
ITEM001959,ORD00471,PROD0146,9,41025.98,52.84
ITEM001960,ORD00398,PROD0393,10,44634.66,1.05
ITEM001961,ORD00992,PROD0376,8,27320.81,82.35
ITEM001962,ORD00265,PROD0421,2,6675.27,85.02
ITEM001963,ORD00979,PROD0120,3,28237.37,32.72
ITEM001964,ORD00966,PROD0286,2,30073.63,89.83
ITEM001965,ORD00432,PROD0032,8,14962.51,39.35
ITEM001966,ORD00904,PROD0114,8,34113.96,56.86
ITEM001967,ORD00432,PROD0496,10,19564.06,47.46
ITEM001968,ORD00118,PROD0310,6,13881.5,49.84
ITEM001969,ORD00706,PROD0015,8,16324.15,37.08
ITEM001970,ORD00860,PROD0095,8,5212.53,98.09
ITEM001971,ORD00516,PROD0489,2,46243.4,20.05
ITEM001972,ORD00799,PROD0337,2,15292.7,88.25
ITEM001973,ORD00283,PROD0010,5,11520.61,32.8
ITEM001974,ORD00901,PROD0201,3,34590.45,80.03
ITEM001975,ORD00570,PROD0348,7,47825.08,41.36
ITEM001976,ORD00441,PROD0242,4,3848.11,44.46
ITEM001977,ORD00972,PROD0307,5,866.69,62.36
ITEM001978,ORD00362,PROD0242,6,36459.72,38.85
ITEM001979,ORD00766,PROD0279,10,36728.24,38.46
ITEM001980,ORD00439,PROD0093,5,4992.64,22.79
ITEM001981,ORD00223,PROD0172,8,5604.48,79.38
ITEM001982,ORD00009,PROD0494,4,26264.24,72.32
ITEM001983,ORD00306,PROD0125,6,13596.92,78.3
ITEM001984,ORD00430,PROD0426,10,16017.78,92.85
ITEM001985,ORD00680,PROD0374,6,42441.44,41.91
ITEM001986,ORD00440,PROD0496,4,27880.22,82.12
ITEM001987,ORD00074,PROD0308,8,23024.8,83.09
ITEM001988,ORD00204,PROD0042,6,41813.49,57.96
ITEM001989,ORD00403,PROD0203,7,22665.24,72.7
ITEM001990,ORD00344,PROD0360,9,44149.94,85.57
ITEM001991,ORD00797,PROD0199,2,17564.93,65.2
ITEM001992,ORD00953,PROD0166,1,19155.27,45.71
ITEM001993,ORD00940,PROD0433,8,28731.65,99.48
ITEM001994,ORD00978,PROD0029,1,36356.1,44.45
ITEM001995,ORD00010,PROD0276,7,3724.77,32.32
ITEM001996,ORD00429,PROD0365,2,17523.92,93.27
ITEM001997,ORD00937,PROD0253,4,41125.26,85.29
ITEM001998,ORD00313,PROD0102,9,48656.15,52.9
ITEM001999,ORD00639,PROD0164,7,4908.01,1.74
ITEM002000,ORD00172,PROD0469,6,39529.23,67.62
ITEM002001,ORD00776,PROD0493,2,14764.29,15.42
ITEM002002,ORD00836,PROD0061,4,8495.7,6.07
ITEM002003,ORD00276,PROD0290,5,43553.37,59.71
ITEM002004,ORD00620,PROD0179,10,45027.84,44.2
ITEM002005,ORD00126,PROD0491,4,23489.06,78.23
ITEM002006,ORD00025,PROD0393,1,31295.91,16.56
ITEM002007,ORD00186,PROD0328,8,5916.39,76.08
ITEM002008,ORD00810,PROD0181,1,39997.04,40.58
ITEM002009,ORD00786,PROD0222,4,43055.66,19.17
ITEM002010,ORD00794,PROD0328,7,31336.18,9.33
ITEM002011,ORD00361,PROD0298,9,4179.68,24.88
ITEM002012,ORD00417,PROD0080,3,25075.52,64.32
ITEM002013,ORD00610,PROD0276,3,15498.23,55.86
ITEM002014,ORD00207,PROD0243,3,29401.31,22.75
ITEM002015,ORD00668,PROD0096,10,33227.58,47.5
ITEM002016,ORD00326,PROD0500,9,34188.46,56.51
ITEM002017,ORD00149,PROD0016,10,20466.02,94.64
ITEM002018,ORD00561,PROD0311,6,46227.28,89.25
ITEM002019,ORD00189,PROD0432,7,11114.95,59.63
ITEM002020,ORD00582,PROD0195,6,43332.7,32.02
ITEM002021,ORD00253,PROD0031,4,35759.88,78.3
ITEM002022,ORD00379,PROD0132,7,44644.39,92.67
ITEM002023,ORD00044,PROD0080,3,45667.21,43.62
ITEM002024,ORD00794,PROD0320,6,35960.31,34.65
ITEM002025,ORD00776,PROD0053,5,9135.19,1.66
ITEM002026,ORD00177,PROD0125,3,12519.45,82.29
ITEM002027,ORD00560,PROD0312,4,32984.17,33.2
ITEM002028,ORD00223,PROD0153,2,38487.61,93.5
ITEM002029,ORD00711,PROD0398,2,30445.04,3.94
ITEM002030,ORD00072,PROD0479,5,14649.37,48.39
ITEM002031,ORD00522,PROD0058,3,29994.88,4.96
ITEM002032,ORD00543,PROD0141,8,35076.95,90.0
ITEM002033,ORD00002,PROD0128,1,18264.99,37.61
ITEM002034,ORD00432,PROD0363,10,25659.45,30.8
ITEM002035,ORD00646,PROD0058,7,8113.48,87.32
ITEM002036,ORD00744,PROD0101,9,13319.28,57.33
ITEM002037,ORD00497,PROD0367,4,5748.27,7.45
ITEM002038,ORD00963,PROD0295,2,26879.75,89.98
ITEM002039,ORD00855,PROD0224,6,41766.98,6.24
ITEM002040,ORD00557,PROD0034,2,44228.56,48.46
ITEM002041,ORD00103,PROD0249,7,47565.94,57.53
ITEM002042,ORD00213,PROD0460,5,34515.94,38.24
ITEM002043,ORD00527,PROD0289,1,37984.52,58.42
ITEM002044,ORD00476,PROD0437,10,32709.32,77.55
ITEM002045,ORD00188,PROD0314,3,19273.94,1.76
ITEM002046,ORD00527,PROD0444,10,11355.4,10.72
ITEM002047,ORD00662,PROD0177,6,33867.09,15.62
ITEM002048,ORD00438,PROD0036,4,36522.12,1.91
ITEM002049,ORD00721,PROD0042,10,4350.79,32.7
ITEM002050,ORD00145,PROD0114,2,9606.87,34.54
ITEM002051,ORD00050,PROD0207,4,4093.27,14.43
ITEM002052,ORD00395,PROD0375,9,37354.29,23.17
ITEM002053,ORD00418,PROD0207,7,10901.58,79.95
ITEM002054,ORD00460,PROD0242,9,48929.11,26.87
ITEM002055,ORD00936,PROD0406,1,39079.31,2.58
ITEM002056,ORD00173,PROD0342,8,26959.52,46.72
ITEM002057,ORD00664,PROD0306,10,10630.64,52.38
ITEM002058,ORD00001,PROD0259,2,18821.52,47.43
ITEM002059,ORD00562,PROD0003,1,8103.4,98.87
ITEM002060,ORD00840,PROD0059,4,12245.77,54.31
ITEM002061,ORD00518,PROD0146,1,31590.53,74.69
ITEM002062,ORD00665,PROD0140,1,47456.19,79.15
ITEM002063,ORD00923,PROD0098,10,42058.97,23.12
ITEM002064,ORD00452,PROD0408,5,48861.91,2.28
ITEM002065,ORD00364,PROD0187,3,47196.03,17.53
ITEM002066,ORD00075,PROD0293,3,14875.94,44.68
ITEM002067,ORD00384,PROD0384,5,3142.05,89.58
ITEM002068,ORD00354,PROD0383,1,10700.49,69.18
ITEM002069,ORD00769,PROD0174,5,36522.28,57.95
ITEM002070,ORD00687,PROD0456,6,28558.59,23.89
ITEM002071,ORD00172,PROD0028,8,14463.59,74.62
ITEM002072,ORD00923,PROD0117,10,48266.95,77.55
ITEM002073,ORD00310,PROD0489,6,29467.23,62.29
ITEM002074,ORD00465,PROD0363,10,21106.07,11.48
ITEM002075,ORD00771,PROD0423,2,48958.56,54.59
ITEM002076,ORD00667,PROD0238,8,29900.19,78.62
ITEM002077,ORD00872,PROD0294,4,38552.41,93.76
ITEM002078,ORD00711,PROD0243,1,16307.95,79.89
ITEM002079,ORD00251,PROD0045,9,3753.2,28.25
ITEM002080,ORD00540,PROD0264,8,38235.29,53.75
ITEM002081,ORD00848,PROD0035,7,4156.07,79.9
ITEM002082,ORD00505,PROD0389,3,27012.15,40.59
ITEM002083,ORD00381,PROD0238,7,2461.0,42.16
ITEM002084,ORD00336,PROD0491,10,21674.11,8.79
ITEM002085,ORD00293,PROD0389,8,35731.73,8.35
ITEM002086,ORD00869,PROD0436,2,28164.0,89.28
ITEM002087,ORD00963,PROD0295,8,586.11,30.76
ITEM002088,ORD00213,PROD0469,3,21997.47,44.21
ITEM002089,ORD00766,PROD0493,8,48681.54,67.38
ITEM002090,ORD00427,PROD0492,6,42632.76,51.0
ITEM002091,ORD00008,PROD0070,5,37992.28,25.65
ITEM002092,ORD00511,PROD0013,6,27867.24,31.89
ITEM002093,ORD00364,PROD0071,5,31176.13,73.25
ITEM002094,ORD00339,PROD0211,7,44917.16,77.71
ITEM002095,ORD00226,PROD0161,10,22208.09,37.5
ITEM002096,ORD00718,PROD0302,10,15277.67,0.35
ITEM002097,ORD00511,PROD0091,7,49475.94,74.74
ITEM002098,ORD00264,PROD0019,5,39623.29,74.08
ITEM002099,ORD00264,PROD0142,10,48357.64,11.86
ITEM002100,ORD00024,PROD0086,6,38185.68,15.87
ITEM002101,ORD00919,PROD0420,1,29837.24,84.93
ITEM002102,ORD00400,PROD0016,9,11134.17,20.12
ITEM002103,ORD00342,PROD0250,3,30456.01,22.98
ITEM002104,ORD00106,PROD0110,9,17888.16,14.29
ITEM002105,ORD00547,PROD0487,6,41691.28,73.08
ITEM002106,ORD00213,PROD0422,3,10007.67,12.9
ITEM002107,ORD00878,PROD0075,9,37341.21,32.57
ITEM002108,ORD00968,PROD0003,7,37623.24,23.85
ITEM002109,ORD00830,PROD0378,7,9789.75,32.8
ITEM002110,ORD00120,PROD0072,1,3074.43,33.16
ITEM002111,ORD00525,PROD0365,7,24787.67,87.08
ITEM002112,ORD00923,PROD0125,7,32581.22,27.88
ITEM002113,ORD00629,PROD0292,2,36814.08,29.82
ITEM002114,ORD00394,PROD0180,4,4134.18,28.81
ITEM002115,ORD00747,PROD0418,5,23114.19,31.62
ITEM002116,ORD00097,PROD0245,8,30187.41,73.48
ITEM002117,ORD00085,PROD0391,7,13388.24,3.73
ITEM002118,ORD00083,PROD0200,10,21193.86,66.88
ITEM002119,ORD00180,PROD0047,2,24745.92,40.75
ITEM002120,ORD00871,PROD0150,1,27008.06,82.82
ITEM002121,ORD00193,PROD0459,5,28042.23,82.08
ITEM002122,ORD00791,PROD0022,2,17691.82,15.7
ITEM002123,ORD00511,PROD0123,2,10245.3,79.7
ITEM002124,ORD00661,PROD0367,8,41771.22,11.01
ITEM002125,ORD00778,PROD0418,5,10945.31,31.31
ITEM002126,ORD00141,PROD0090,1,6859.22,23.6
ITEM002127,ORD00798,PROD0271,9,39789.74,15.24
ITEM002128,ORD00796,PROD0383,5,12123.61,75.14
ITEM002129,ORD00649,PROD0327,6,10880.81,69.31
ITEM002130,ORD00054,PROD0269,5,34628.3,98.77
ITEM002131,ORD00980,PROD0284,8,11667.49,71.74
ITEM002132,ORD00395,PROD0079,2,39734.43,96.37
ITEM002133,ORD00943,PROD0425,2,32988.35,82.55
ITEM002134,ORD00074,PROD0153,10,14266.67,20.35
ITEM002135,ORD00834,PROD0334,5,22688.3,77.92
ITEM002136,ORD00413,PROD0410,8,20348.53,82.04
ITEM002137,ORD00735,PROD0351,10,1222.05,40.89
ITEM002138,ORD00911,PROD0009,5,19824.95,72.37
ITEM002139,ORD00721,PROD0263,8,45285.34,66.97
ITEM002140,ORD00739,PROD0162,9,16772.53,25.67
ITEM002141,ORD00617,PROD0467,4,5273.96,93.87
ITEM002142,ORD00880,PROD0175,10,24880.91,6.21
ITEM002143,ORD00232,PROD0091,1,13131.92,14.56
ITEM002144,ORD00575,PROD0472,4,30443.83,12.54
ITEM002145,ORD00744,PROD0159,9,16825.16,63.28
ITEM002146,ORD00912,PROD0354,4,40090.94,90.39
ITEM002147,ORD00415,PROD0447,3,33940.06,66.37
ITEM002148,ORD00648,PROD0185,2,18943.89,14.87
ITEM002149,ORD00459,PROD0023,10,17579.85,69.63
ITEM002150,ORD00205,PROD0273,1,38006.63,61.63
ITEM002151,ORD00234,PROD0444,7,26024.33,15.75
ITEM002152,ORD00255,PROD0122,2,6066.7,53.56
ITEM002153,ORD00121,PROD0118,6,36135.07,69.77
ITEM002154,ORD00767,PROD0484,7,9063.6,88.05
ITEM002155,ORD00349,PROD0005,9,20834.93,37.53
ITEM002156,ORD00416,PROD0471,2,42939.53,22.15
ITEM002157,ORD00369,PROD0439,4,4002.17,49.67
ITEM002158,ORD00356,PROD0092,10,27637.51,94.89
ITEM002159,ORD00253,PROD0293,4,21072.73,51.57
ITEM002160,ORD00668,PROD0155,9,15849.91,32.69
ITEM002161,ORD00158,PROD0072,4,4261.35,21.28
ITEM002162,ORD00200,PROD0169,5,47463.04,9.93
ITEM002163,ORD00554,PROD0024,7,34030.53,11.28
ITEM002164,ORD00445,PROD0393,7,8323.18,38.41
ITEM002165,ORD00818,PROD0340,6,17533.57,58.31
ITEM002166,ORD00857,PROD0087,2,19286.26,83.89
ITEM002167,ORD00334,PROD0394,5,29769.45,73.76
ITEM002168,ORD00861,PROD0065,7,40522.91,20.23
ITEM002169,ORD00135,PROD0254,5,40831.97,38.73
ITEM002170,ORD00728,PROD0037,8,39247.52,1.69
ITEM002171,ORD00888,PROD0300,10,2323.49,0.01
ITEM002172,ORD00710,PROD0362,7,41151.22,10.99
ITEM002173,ORD00882,PROD0001,1,25335.49,73.87
ITEM002174,ORD00865,PROD0005,9,45480.16,8.71
ITEM002175,ORD00303,PROD0307,8,24666.93,68.37
ITEM002176,ORD00789,PROD0244,6,9710.81,41.74
ITEM002177,ORD00670,PROD0065,2,37577.45,72.13
ITEM002178,ORD00251,PROD0362,5,14679.24,45.39
ITEM002179,ORD00407,PROD0089,5,15150.99,64.83
ITEM002180,ORD00223,PROD0144,1,41271.41,85.76
ITEM002181,ORD00357,PROD0019,5,49100.46,40.56
ITEM002182,ORD00852,PROD0492,8,41148.18,36.23
ITEM002183,ORD00753,PROD0244,10,9614.67,24.8
ITEM002184,ORD00370,PROD0412,10,1773.41,52.27
ITEM002185,ORD00354,PROD0369,9,9234.34,16.04
ITEM002186,ORD00514,PROD0429,6,21562.17,58.04
ITEM002187,ORD00976,PROD0312,5,30058.98,85.02
ITEM002188,ORD00181,PROD0336,7,27855.45,29.19
ITEM002189,ORD00237,PROD0291,3,41124.96,52.74
ITEM002190,ORD00811,PROD0086,7,40531.04,74.46
ITEM002191,ORD00516,PROD0483,2,48729.39,92.35
ITEM002192,ORD00884,PROD0009,2,2578.83,25.03
ITEM002193,ORD00693,PROD0295,8,10986.75,40.4
ITEM002194,ORD00507,PROD0099,7,39366.99,51.53
ITEM002195,ORD00150,PROD0407,7,46324.4,35.23
ITEM002196,ORD00350,PROD0106,6,1761.63,71.49
ITEM002197,ORD00400,PROD0108,7,32793.43,98.92
ITEM002198,ORD00788,PROD0496,3,30091.74,86.48
ITEM002199,ORD00278,PROD0191,5,1355.64,20.32
ITEM002200,ORD00484,PROD0162,5,9634.83,88.44
ITEM002201,ORD00649,PROD0046,4,2479.91,79.93
ITEM002202,ORD00490,PROD0209,5,30253.59,6.49
ITEM002203,ORD00050,PROD0367,9,6996.5,70.22
ITEM002204,ORD00942,PROD0437,5,45406.63,91.15
ITEM002205,ORD00778,PROD0122,4,1310.02,49.68
ITEM002206,ORD00696,PROD0469,2,49188.76,47.26
ITEM002207,ORD00082,PROD0193,1,7139.13,19.96
ITEM002208,ORD00067,PROD0060,9,2458.19,8.1
ITEM002209,ORD00841,PROD0262,8,43484.8,76.95
ITEM002210,ORD00671,PROD0252,4,27219.64,22.91
ITEM002211,ORD00214,PROD0125,10,24663.01,91.99
ITEM002212,ORD00274,PROD0054,3,27097.63,47.76
ITEM002213,ORD00897,PROD0172,6,22233.06,78.44
ITEM002214,ORD00162,PROD0093,9,49170.85,58.67
ITEM002215,ORD00836,PROD0054,10,43137.73,89.46
ITEM002216,ORD00423,PROD0194,4,9610.29,74.94
ITEM002217,ORD00088,PROD0400,1,39560.16,78.05
ITEM002218,ORD00067,PROD0455,1,30885.97,20.69
ITEM002219,ORD00448,PROD0057,2,8308.38,77.42
ITEM002220,ORD00368,PROD0064,3,30673.93,95.16
ITEM002221,ORD00038,PROD0370,1,33544.64,37.74
ITEM002222,ORD00238,PROD0285,8,26112.03,25.92
ITEM002223,ORD00986,PROD0017,7,34844.79,76.79
ITEM002224,ORD00844,PROD0415,9,21498.16,80.73
ITEM002225,ORD00917,PROD0467,2,1308.28,60.8
ITEM002226,ORD00697,PROD0496,6,48317.97,38.91
ITEM002227,ORD00638,PROD0147,7,15212.41,58.11
ITEM002228,ORD00214,PROD0402,5,45282.06,22.53
ITEM002229,ORD00244,PROD0218,3,24494.54,98.4
ITEM002230,ORD00800,PROD0458,6,29407.82,0.66
ITEM002231,ORD00338,PROD0202,7,46913.14,27.98
ITEM002232,ORD00234,PROD0122,5,15857.49,48.23
ITEM002233,ORD00726,PROD0173,8,32475.42,51.53
ITEM002234,ORD00367,PROD0398,3,13561.99,79.44
ITEM002235,ORD00465,PROD0253,8,10400.29,30.35
ITEM002236,ORD00580,PROD0181,8,45430.91,79.66
ITEM002237,ORD00018,PROD0343,4,31455.69,49.59
ITEM002238,ORD00886,PROD0292,5,13622.34,0.35
ITEM002239,ORD00869,PROD0046,6,17673.22,2.49
ITEM002240,ORD00898,PROD0259,1,14625.32,91.28
ITEM002241,ORD00815,PROD0436,6,12856.1,78.19
ITEM002242,ORD00834,PROD0397,4,31638.43,5.16
ITEM002243,ORD00013,PROD0245,1,43447.79,24.92
ITEM002244,ORD00266,PROD0145,5,46830.82,59.09
ITEM002245,ORD00361,PROD0208,9,2247.92,77.07
ITEM002246,ORD00293,PROD0239,3,21905.91,34.13
ITEM002247,ORD00189,PROD0241,8,9698.43,49.59
ITEM002248,ORD00554,PROD0189,8,31226.39,34.75
ITEM002249,ORD00777,PROD0204,4,4044.36,29.58
ITEM002250,ORD00485,PROD0085,5,47761.1,47.71
ITEM002251,ORD00692,PROD0342,2,1354.24,8.86
ITEM002252,ORD00449,PROD0113,8,8503.99,86.35
ITEM002253,ORD00514,PROD0004,5,31208.57,29.75
ITEM002254,ORD00547,PROD0173,2,43446.69,24.61
ITEM002255,ORD00299,PROD0458,1,11904.4,99.1
ITEM002256,ORD00500,PROD0382,2,8996.74,6.94
ITEM002257,ORD00864,PROD0025,3,23708.37,10.67
ITEM002258,ORD00166,PROD0017,5,31237.5,53.31
ITEM002259,ORD00608,PROD0345,7,31344.88,7.94
ITEM002260,ORD00122,PROD0126,9,45518.19,57.72
ITEM002261,ORD00517,PROD0232,9,49711.45,18.63
ITEM002262,ORD00467,PROD0304,7,34499.87,52.98
ITEM002263,ORD00217,PROD0317,3,44057.7,49.57
ITEM002264,ORD00912,PROD0350,7,21328.44,15.84
ITEM002265,ORD00094,PROD0014,3,25976.48,62.28
ITEM002266,ORD00534,PROD0023,10,43593.68,27.34
ITEM002267,ORD00507,PROD0303,6,36783.51,2.91
ITEM002268,ORD00552,PROD0333,8,26313.68,55.55
ITEM002269,ORD00804,PROD0456,9,21504.31,89.53
ITEM002270,ORD00269,PROD0004,3,1418.17,71.87
ITEM002271,ORD00729,PROD0133,6,18614.97,64.64
ITEM002272,ORD00777,PROD0164,7,14235.82,5.75
ITEM002273,ORD00449,PROD0210,5,31115.09,41.8
ITEM002274,ORD00527,PROD0173,9,14283.46,85.12
ITEM002275,ORD00420,PROD0279,10,9165.87,51.13
ITEM002276,ORD00352,PROD0391,7,16602.75,48.49
ITEM002277,ORD00931,PROD0102,5,26305.88,5.3
ITEM002278,ORD00026,PROD0299,9,12348.14,92.0
ITEM002279,ORD00962,PROD0195,4,33962.67,60.82
ITEM002280,ORD00615,PROD0273,3,7351.33,33.26
ITEM002281,ORD00603,PROD0299,5,16699.26,70.73
ITEM002282,ORD00385,PROD0447,4,7402.54,72.31
ITEM002283,ORD00380,PROD0241,10,14404.14,4.31
ITEM002284,ORD00134,PROD0010,4,9505.27,62.13
ITEM002285,ORD00915,PROD0422,5,31684.42,14.12
ITEM002286,ORD00914,PROD0237,1,45494.68,64.12
ITEM002287,ORD00902,PROD0323,7,39274.43,63.99
ITEM002288,ORD00317,PROD0463,6,42298.7,66.81
ITEM002289,ORD00587,PROD0310,8,27339.01,58.05
ITEM002290,ORD00141,PROD0489,8,12423.22,87.77
ITEM002291,ORD00366,PROD0072,2,39925.89,51.31
ITEM002292,ORD00878,PROD0254,1,11122.26,72.44
ITEM002293,ORD00929,PROD0298,9,23421.26,10.14
ITEM002294,ORD00754,PROD0191,9,48255.66,0.57
ITEM002295,ORD00554,PROD0054,10,7106.31,89.65
ITEM002296,ORD00269,PROD0450,1,17976.29,24.49
ITEM002297,ORD00415,PROD0321,4,6237.1,28.46
ITEM002298,ORD00649,PROD0259,1,7684.29,70.08
ITEM002299,ORD00367,PROD0409,2,35758.55,67.8
ITEM002300,ORD00916,PROD0392,9,12718.68,43.62
ITEM002301,ORD00774,PROD0007,1,14569.26,0.83
ITEM002302,ORD00982,PROD0036,10,23791.03,42.29
ITEM002303,ORD00383,PROD0413,9,13241.8,94.13
ITEM002304,ORD00259,PROD0213,6,15235.3,87.0
ITEM002305,ORD00368,PROD0093,6,1279.84,21.66
ITEM002306,ORD00561,PROD0235,7,48585.51,21.56
ITEM002307,ORD00095,PROD0458,1,20905.04,12.5
ITEM002308,ORD00210,PROD0013,9,33159.01,61.2
ITEM002309,ORD00856,PROD0369,7,46143.37,17.31
ITEM002310,ORD00891,PROD0280,2,9030.57,18.31
ITEM002311,ORD00599,PROD0402,7,35720.78,29.6
ITEM002312,ORD00574,PROD0024,1,25480.72,83.05
ITEM002313,ORD00862,PROD0071,10,44691.5,20.06
ITEM002314,ORD00240,PROD0294,9,22151.36,67.89
ITEM002315,ORD00504,PROD0015,7,17425.25,57.22
ITEM002316,ORD00549,PROD0379,1,24415.26,80.91
ITEM002317,ORD00498,PROD0492,9,41790.87,59.31
ITEM002318,ORD00911,PROD0256,6,44931.82,63.11
ITEM002319,ORD00628,PROD0466,7,46265.49,3.38
ITEM002320,ORD00579,PROD0286,9,49287.63,22.35
ITEM002321,ORD00973,PROD0187,8,12811.45,82.03
ITEM002322,ORD00267,PROD0396,5,8680.12,55.78
ITEM002323,ORD00926,PROD0263,7,17876.08,25.93
ITEM002324,ORD00929,PROD0082,9,35644.09,96.03
ITEM002325,ORD00452,PROD0175,9,19700.31,23.57
ITEM002326,ORD00127,PROD0459,2,16158.53,97.65
ITEM002327,ORD00435,PROD0469,10,38996.76,68.3
ITEM002328,ORD00492,PROD0097,10,3069.19,65.82
ITEM002329,ORD00158,PROD0414,6,34961.29,67.09
ITEM002330,ORD00188,PROD0137,8,38913.4,64.79
ITEM002331,ORD00134,PROD0085,9,35569.98,64.74
ITEM002332,ORD00241,PROD0057,10,18977.77,76.69
ITEM002333,ORD00324,PROD0005,9,9078.81,76.91
ITEM002334,ORD00689,PROD0372,7,41526.91,52.49
ITEM002335,ORD00340,PROD0064,10,19974.52,12.55
ITEM002336,ORD00422,PROD0436,2,32696.84,62.98
ITEM002337,ORD00767,PROD0295,5,40192.9,21.9
ITEM002338,ORD00703,PROD0290,6,42827.58,1.07
ITEM002339,ORD00889,PROD0487,5,4258.51,30.65
ITEM002340,ORD00861,PROD0466,2,36292.18,40.52
ITEM002341,ORD00402,PROD0488,2,37329.71,11.07
ITEM002342,ORD00016,PROD0020,3,37952.9,91.99
ITEM002343,ORD00309,PROD0012,1,49907.1,17.81
ITEM002344,ORD00906,PROD0333,8,28889.93,29.12
ITEM002345,ORD00304,PROD0035,2,23029.13,61.05
ITEM002346,ORD00951,PROD0206,2,25103.2,41.9
ITEM002347,ORD00732,PROD0019,4,32572.12,58.14
ITEM002348,ORD00067,PROD0125,1,14687.43,65.36
ITEM002349,ORD00137,PROD0128,3,22491.79,35.28
ITEM002350,ORD00341,PROD0158,9,5016.04,96.97
ITEM002351,ORD00077,PROD0170,6,4008.35,58.28
ITEM002352,ORD00946,PROD0089,9,6185.32,0.47
ITEM002353,ORD00399,PROD0164,4,23945.86,64.19
ITEM002354,ORD00523,PROD0471,8,2066.34,63.63
ITEM002355,ORD00382,PROD0426,10,15963.36,62.11
ITEM002356,ORD00336,PROD0414,5,34805.19,48.15
ITEM002357,ORD00907,PROD0108,8,8514.28,87.48
ITEM002358,ORD00582,PROD0212,3,37523.12,41.96
ITEM002359,ORD00034,PROD0467,3,43079.28,66.45
ITEM002360,ORD00653,PROD0438,5,14476.68,40.72
ITEM002361,ORD00599,PROD0413,1,4385.97,47.94
ITEM002362,ORD00031,PROD0013,6,1335.95,39.17
ITEM002363,ORD00764,PROD0259,3,41127.85,29.38
ITEM002364,ORD00272,PROD0346,7,18516.16,43.38
ITEM002365,ORD00479,PROD0440,9,31877.24,82.06
ITEM002366,ORD00459,PROD0390,2,12872.01,27.06
ITEM002367,ORD00115,PROD0279,8,8999.07,30.54
ITEM002368,ORD00222,PROD0374,7,20428.96,31.7
ITEM002369,ORD00076,PROD0291,4,45850.37,68.17
ITEM002370,ORD00720,PROD0169,7,37286.23,21.34
ITEM002371,ORD00962,PROD0315,8,5317.15,65.09
ITEM002372,ORD00352,PROD0446,6,42914.31,67.06
ITEM002373,ORD00868,PROD0465,8,17361.23,89.79
ITEM002374,ORD00890,PROD0307,5,25818.89,96.54
ITEM002375,ORD00166,PROD0225,6,4172.2,72.4
ITEM002376,ORD00920,PROD0090,9,30438.37,10.85
ITEM002377,ORD00864,PROD0340,7,33477.56,89.18
ITEM002378,ORD00840,PROD0490,5,10186.69,82.56
ITEM002379,ORD00917,PROD0055,6,1244.03,82.63
ITEM002380,ORD00921,PROD0247,8,49057.23,72.92
ITEM002381,ORD00050,PROD0476,1,230.34,94.33
ITEM002382,ORD00338,PROD0116,3,23402.95,28.57
ITEM002383,ORD00018,PROD0186,1,6901.05,38.07
ITEM002384,ORD00670,PROD0020,6,5239.87,25.1
ITEM002385,ORD00267,PROD0077,10,25156.16,63.41
ITEM002386,ORD00290,PROD0176,7,4157.74,54.83
ITEM002387,ORD00542,PROD0061,9,41060.58,66.28
ITEM002388,ORD00019,PROD0500,3,7771.47,34.53
ITEM002389,ORD00106,PROD0014,8,30968.99,24.86
ITEM002390,ORD00454,PROD0172,9,4218.05,75.89
ITEM002391,ORD00875,PROD0207,10,3353.6,78.67
ITEM002392,ORD00896,PROD0110,1,21827.76,62.26
ITEM002393,ORD00661,PROD0338,4,3708.41,86.51
ITEM002394,ORD00778,PROD0448,8,40358.65,2.84
ITEM002395,ORD00572,PROD0208,8,30390.68,72.76
ITEM002396,ORD00910,PROD0141,5,7778.8,30.8
ITEM002397,ORD00110,PROD0355,9,40929.85,98.54
ITEM002398,ORD00754,PROD0024,2,15432.66,49.94
ITEM002399,ORD00709,PROD0078,7,39829.28,65.41
ITEM002400,ORD00829,PROD0317,7,41278.34,73.13
ITEM002401,ORD00949,PROD0364,10,282.64,65.08
ITEM002402,ORD00448,PROD0360,2,16780.3,10.51
ITEM002403,ORD00187,PROD0454,6,29631.6,94.42
ITEM002404,ORD00307,PROD0330,1,12370.4,26.58
ITEM002405,ORD00083,PROD0136,3,32256.27,18.38
ITEM002406,ORD00546,PROD0048,10,34241.0,88.18
ITEM002407,ORD00747,PROD0457,3,14421.29,90.46
ITEM002408,ORD00891,PROD0053,7,22303.71,52.5
ITEM002409,ORD00926,PROD0367,7,21543.23,30.93
ITEM002410,ORD00003,PROD0062,9,18402.59,48.71
ITEM002411,ORD00186,PROD0197,6,30387.45,40.63
ITEM002412,ORD00211,PROD0344,10,11308.39,87.48
ITEM002413,ORD00301,PROD0044,10,36451.1,87.09
ITEM002414,ORD00356,PROD0266,3,30340.4,72.81
ITEM002415,ORD00429,PROD0356,4,35245.35,98.24
ITEM002416,ORD00663,PROD0108,9,29994.38,99.94
ITEM002417,ORD00878,PROD0457,1,35590.33,78.41
ITEM002418,ORD00593,PROD0254,8,33454.76,80.5
ITEM002419,ORD00466,PROD0364,7,49260.64,14.13
ITEM002420,ORD00067,PROD0235,9,30514.07,82.51
ITEM002421,ORD00724,PROD0482,5,726.58,54.78
ITEM002422,ORD00234,PROD0045,10,7139.95,98.82
ITEM002423,ORD00322,PROD0097,4,43635.86,73.15
ITEM002424,ORD00727,PROD0017,5,49986.19,85.63
ITEM002425,ORD00234,PROD0335,5,24884.36,68.98
ITEM002426,ORD00078,PROD0041,7,12885.48,89.74
ITEM002427,ORD00895,PROD0404,6,39563.76,7.48
ITEM002428,ORD00138,PROD0007,1,6982.29,11.09
ITEM002429,ORD00151,PROD0319,7,34773.11,30.17
ITEM002430,ORD00650,PROD0114,3,14569.96,74.51
ITEM002431,ORD00094,PROD0283,1,19478.2,10.39
ITEM002432,ORD00433,PROD0347,2,24786.0,47.21
ITEM002433,ORD00301,PROD0035,9,7248.56,85.25
ITEM002434,ORD00672,PROD0131,3,18588.14,89.19
ITEM002435,ORD00826,PROD0126,6,24798.91,8.82
ITEM002436,ORD00282,PROD0410,3,49781.32,36.68
ITEM002437,ORD00110,PROD0045,10,20986.13,48.53
ITEM002438,ORD00137,PROD0274,7,46774.83,18.75
ITEM002439,ORD00598,PROD0492,2,22153.93,71.8
ITEM002440,ORD00905,PROD0371,9,18675.42,61.56
ITEM002441,ORD00543,PROD0057,2,20699.42,51.85
ITEM002442,ORD00969,PROD0065,10,20512.6,90.99
ITEM002443,ORD00621,PROD0109,6,14435.37,67.49
ITEM002444,ORD00151,PROD0325,5,15634.82,46.83
ITEM002445,ORD00949,PROD0060,7,29636.94,23.36
ITEM002446,ORD00129,PROD0260,4,35219.74,85.32
ITEM002447,ORD00673,PROD0355,2,42927.72,54.99
ITEM002448,ORD00178,PROD0387,8,8451.32,29.54
ITEM002449,ORD00502,PROD0297,5,5731.29,46.2
ITEM002450,ORD00165,PROD0022,4,14942.9,98.8
ITEM002451,ORD00799,PROD0321,8,40269.1,45.8
ITEM002452,ORD00581,PROD0276,3,33277.74,49.59
ITEM002453,ORD00072,PROD0438,10,45124.55,36.23
ITEM002454,ORD00794,PROD0492,1,501.85,5.5
ITEM002455,ORD00129,PROD0138,5,26451.58,69.98
ITEM002456,ORD00654,PROD0438,5,33243.46,69.93
ITEM002457,ORD00846,PROD0155,2,22184.32,53.0
ITEM002458,ORD00941,PROD0377,2,25808.36,75.67
ITEM002459,ORD00996,PROD0156,10,8003.08,9.25
ITEM002460,ORD00579,PROD0054,7,2059.7,49.98
ITEM002461,ORD00682,PROD0228,2,23324.73,8.8
ITEM002462,ORD00795,PROD0407,9,37458.23,81.43
ITEM002463,ORD00013,PROD0121,5,17786.29,49.13
ITEM002464,ORD00834,PROD0288,2,39392.83,36.23
ITEM002465,ORD00274,PROD0246,5,39768.97,38.87
ITEM002466,ORD00003,PROD0283,5,21017.91,34.04
ITEM002467,ORD00348,PROD0461,3,22593.57,3.72
ITEM002468,ORD00168,PROD0033,3,36094.6,83.37
ITEM002469,ORD00281,PROD0188,1,42078.81,47.91
ITEM002470,ORD00232,PROD0343,1,48500.01,81.81
ITEM002471,ORD00930,PROD0480,2,350.86,79.65
ITEM002472,ORD00939,PROD0416,3,49486.72,51.8
ITEM002473,ORD00011,PROD0252,9,22733.86,96.22
ITEM002474,ORD00440,PROD0228,1,11532.55,92.14
ITEM002475,ORD00672,PROD0055,4,8107.31,13.35
ITEM002476,ORD00268,PROD0252,1,4404.3,14.01
ITEM002477,ORD00166,PROD0340,10,30252.52,8.31
ITEM002478,ORD00399,PROD0324,8,46131.48,84.87
ITEM002479,ORD00623,PROD0320,4,45350.65,7.39
ITEM002480,ORD00788,PROD0098,4,9068.73,10.21
ITEM002481,ORD00043,PROD0257,8,26970.05,70.9
ITEM002482,ORD00290,PROD0308,8,17615.25,83.58
ITEM002483,ORD00214,PROD0319,8,14723.19,89.45
ITEM002484,ORD00198,PROD0427,4,32446.87,82.78
ITEM002485,ORD00963,PROD0320,5,41441.02,36.61
ITEM002486,ORD00585,PROD0001,9,10585.93,62.38
ITEM002487,ORD00862,PROD0204,6,41886.26,47.65
ITEM002488,ORD00384,PROD0173,2,25610.06,12.97
ITEM002489,ORD00312,PROD0443,3,2109.23,43.05
ITEM002490,ORD00903,PROD0389,5,23956.8,82.58
ITEM002491,ORD00148,PROD0265,3,1940.98,32.15
ITEM002492,ORD00698,PROD0446,9,38016.51,71.08
ITEM002493,ORD00043,PROD0118,6,31897.29,42.54
ITEM002494,ORD00176,PROD0083,5,7472.74,61.73
ITEM002495,ORD00353,PROD0239,9,8884.05,33.05
ITEM002496,ORD00700,PROD0124,9,26326.89,54.97
ITEM002497,ORD00795,PROD0113,7,26793.84,53.95
ITEM002498,ORD00270,PROD0072,9,31364.51,63.09
ITEM002499,ORD00151,PROD0334,6,36486.51,97.93
ITEM002500,ORD00997,PROD0077,3,42964.67,62.82
